{
    "data": {
        "HAMMOZ-Consortium_MPI-ESM-1-2-HAM_historical": {
            "file_summary": [
                0.125,
                0.125,
                1.125
            ],
            "percentiles": [
                103933.666,
                103607.0,
                103395.29999999999,
                102755.61249999999,
                102390.20625000002,
                101772.734375,
                101168.0,
                100440.4375,
                99263.24375,
                98557.23749999999,
                97282.40375,
                96849.8075,
                96096.55812500001
            ],
            "summary": [
                101167.34375,
                107623.9375,
                90969.9375,
                101482.0625,
                100560.859375
            ]
        },
        "MPI-M_MPI-ESM1-2-HR_historical": {
            "file_summary": [
                0.125,
                0.125,
                4.125
            ],
            "percentiles": [
                103980.94187499999,
                103616.71625,
                103394.10999999999,
                102733.725,
                102365.32500000001,
                101746.9375,
                101157.4375,
                100397.875,
                99187.73749999999,
                98487.15,
                97170.1925,
                96720.85437500001,
                95911.7123125
            ],
            "summary": [
                101157.25,
                108308.0,
                90398.375,
                101500.3359375,
                100425.65625
            ]
        },
        "MPI-M_MPI-ESM1-2-LR_historical": {
            "file_summary": [
                0.125,
                0.125,
                1.125
            ],
            "percentiles": [
                104033.75550000001,
                103669.08625,
                103447.1225,
                102780.725,
                102406.7125,
                101785.875,
                101175.5,
                100402.25,
                99190.64375,
                98466.3875,
                97161.23999999999,
                96725.87,
                95956.31125
            ],
            "summary": [
                101174.875,
                107905.25,
                90914.9375,
                101568.1953125,
                100540.5078125
            ]
        }
    },
    "info": {
        "drs": {
            "experiment": "historical",
            "var": "psl"
        },
        "tech": {
            "percentiles": [
                99.9,
                99.5,
                99.0,
                95.0,
                90,
                75.0,
                50.0,
                25.0,
                10.0,
                5.0,
                1.0,
                0.5,
                0.1
            ],
            "summary": [
                "median",
                "max",
                "min",
                "mean absolute max",
                "mean absolute min"
            ]
        },
        "title": "aggregation across json_ranges/E3hr/psl"
    }
}