{
    "data": {
        "CNRM-CERFACS_CNRM-CM6-1_historical": {
            "file_summary": [
                0.125,
                0.125,
                2.125
            ],
            "percentiles": [
                18.361141136169643,
                15.882119975090031,
                14.551810102462746,
                10.172745060920711,
                7.342524647712706,
                3.0108323991298676,
                -0.3754952400922775,
                -3.7864853739738464,
                -7.0083530187606815,
                -8.687790203094483,
                -11.905427098274231,
                -13.4267618060112,
                -16.844767803192138
            ],
            "summary": [
                -0.3761437088251114,
                35.55269241333008,
                -39.58262252807617,
                5.100317478179932,
                3.6663036346435547
            ]
        },
        "CNRM-CERFACS_CNRM-ESM2-1_historical": {
            "file_summary": [
                0.125,
                0.125,
                2.125
            ],
            "percentiles": [
                18.325842136383173,
                15.84284906864167,
                14.50530185699462,
                10.155859518051141,
                7.344789695739745,
                3.0118589997291565,
                -0.3749705031514168,
                -3.778237968683243,
                -6.9937680721282955,
                -8.669849729537964,
                -11.909139275550842,
                -13.437581467628478,
                -16.829358480453493
            ],
            "summary": [
                -0.37212562561035156,
                36.77895736694336,
                -42.43388366699219,
                5.028451919555664,
                3.6908037662506104
            ]
        },
        "HAMMOZ-Consortium_MPI-ESM-1-2-HAM_historical": {
            "file_summary": [
                0.125,
                0.125,
                1.125
            ],
            "percentiles": [
                18.825369750976684,
                15.989580993652396,
                14.52229930877685,
                10.088302612304695,
                7.360177612304696,
                3.0660171508789062,
                -0.3554840087890625,
                -3.6977615356445312,
                -6.811674499511719,
                -8.419398498535156,
                -11.496587524414062,
                -12.986467895507811,
                -16.448113403320313
            ],
            "summary": [
                -0.3490142822265625,
                39.447784423828125,
                -41.43788146972656,
                5.021100044250488,
                3.643094062805176
            ]
        },
        "IPSL_IPSL-CM6A-LR_historical": {
            "file_summary": [
                0.125,
                0.125,
                0.25
            ],
            "percentiles": [
                17.53082788944264,
                14.872466382980328,
                13.460003323554995,
                9.221297502517704,
                6.7210731029510535,
                2.7873439490795135,
                -0.40447135269641876,
                -3.749336838722229,
                -6.673210096359253,
                -8.050191593170165,
                -10.749209523200989,
                -12.006387608051298,
                -14.813976306438446
            ],
            "summary": [
                -0.4066721796989441,
                31.58180809020996,
                -32.13178634643555,
                4.770192623138428,
                3.4763050079345703
            ]
        },
        "MPI-M_MPI-ESM1-2-LR_historical": {
            "file_summary": [
                0.125,
                0.125,
                1.125
            ],
            "percentiles": [
                19.23923919677759,
                16.391209449768084,
                14.904677734374992,
                10.342437744140627,
                7.5518127441406335,
                3.176239013671875,
                -0.3647308349609375,
                -3.8204574584960938,
                -6.986946105957031,
                -8.592921447753906,
                -11.737318420410155,
                -13.2592529296875,
                -16.795002502441406
            ],
            "summary": [
                -0.36285400390625,
                37.655242919921875,
                -35.727874755859375,
                5.132960796356201,
                3.7306556701660156
            ]
        }
    },
    "info": {
        "drs": {
            "experiment": "historical",
            "var": "uas"
        },
        "tech": {
            "percentiles": [
                99.9,
                99.5,
                99.0,
                95.0,
                90,
                75.0,
                50.0,
                25.0,
                10.0,
                5.0,
                1.0,
                0.5,
                0.1
            ],
            "summary": [
                "median",
                "max",
                "min",
                "mean absolute max",
                "mean absolute min"
            ]
        },
        "title": "aggregation across json_ranges/E3hr/uas"
    }
}