{
    "data": {
        "CNRM-CERFACS_CNRM-CM6-1_historical": {
            "file_summary": [
                0.125,
                0.125,
                2.125
            ],
            "percentiles": [
                16.309382493019182,
                13.336106648445138,
                11.831898984909039,
                7.920707178115839,
                6.01791512966156,
                3.03184112906456,
                0.17416922748088837,
                -2.6717468798160553,
                -5.811613893508911,
                -8.027844905853271,
                -12.696861801147461,
                -14.300977594852448,
                -17.193075894355772
            ],
            "summary": [
                0.17254523187875748,
                35.29867172241211,
                -41.80253219604492,
                4.418837547302246,
                2.8703713417053223
            ]
        },
        "CNRM-CERFACS_CNRM-ESM2-1_historical": {
            "file_summary": [
                0.125,
                0.125,
                2.125
            ],
            "percentiles": [
                16.341556886673448,
                13.359477372169515,
                11.855656828880303,
                7.919807946681969,
                6.003849196434022,
                3.0072663128376007,
                0.1661975309252739,
                -2.6675531566143036,
                -5.807072210311889,
                -8.024183511734009,
                -12.649545450210573,
                -14.247931575775146,
                -17.149387274742125
            ],
            "summary": [
                0.17081962525844574,
                40.00774002075195,
                -37.7526741027832,
                4.41575288772583,
                2.992663860321045
            ]
        },
        "HAMMOZ-Consortium_MPI-ESM-1-2-HAM_historical": {
            "file_summary": [
                0.125,
                0.125,
                1.125
            ],
            "percentiles": [
                16.27206726074261,
                13.236133422851623,
                11.736258850097649,
                7.867758178710941,
                5.976956176757813,
                3.0121994018554688,
                0.16878509521484375,
                -2.59881591796875,
                -5.629122924804687,
                -7.715299987792969,
                -12.100337524414062,
                -13.689371337890623,
                -16.70854522705078
            ],
            "summary": [
                0.17089080810546875,
                41.46746826171875,
                -39.159820556640625,
                4.338871955871582,
                2.91652512550354
            ]
        },
        "IPSL_IPSL-CM6A-LR_historical": {
            "file_summary": [
                0.125,
                0.125,
                0.25
            ],
            "percentiles": [
                15.057537983894495,
                12.561089246273028,
                11.272587323188784,
                7.694214999675754,
                5.894213438034059,
                2.9027360677719116,
                0.14032505452632904,
                -2.4993430376052856,
                -5.520026326179504,
                -7.455219542980194,
                -11.107020049095155,
                -12.333659017086028,
                -14.660711436271667
            ],
            "summary": [
                0.1403985731303692,
                33.04454040527344,
                -32.89015579223633,
                4.024405479431152,
                2.9672088623046875
            ]
        },
        "MPI-M_MPI-ESM1-2-LR_historical": {
            "file_summary": [
                0.125,
                0.125,
                1.125
            ],
            "percentiles": [
                16.36767065429708,
                13.366582031250019,
                11.873839721679664,
                7.98349609375,
                6.074865722656252,
                3.096343994140625,
                0.2118072509765625,
                -2.6346282958984375,
                -5.761636352539062,
                -7.9148315429687495,
                -12.330203857421875,
                -13.923758544921874,
                -16.91000994873047
            ],
            "summary": [
                0.21273040771484375,
                34.38433837890625,
                -36.08488464355469,
                4.535691261291504,
                2.8225162029266357
            ]
        }
    },
    "info": {
        "drs": {
            "experiment": "historical",
            "var": "vas"
        },
        "tech": {
            "percentiles": [
                99.9,
                99.5,
                99.0,
                95.0,
                90,
                75.0,
                50.0,
                25.0,
                10.0,
                5.0,
                1.0,
                0.5,
                0.1
            ],
            "summary": [
                "median",
                "max",
                "min",
                "mean absolute max",
                "mean absolute min"
            ]
        },
        "title": "aggregation across json_ranges/E3hr/vas"
    }
}