{
    "data": {
        "CAMS_CAMS-CSM1-0_historical": {
            "file_summary": [
                30.416371905002528,
                31.0,
                31.0
            ],
            "percentiles": [
                99.95267126083374,
                99.88982110977172,
                99.8429619216919,
                99.52368278503417,
                83.78761177062985,
                0.0,
                0.0,
                0.0,
                0.0,
                0.0,
                0.0,
                0.0,
                0.0
            ],
            "summary": [
                0.0,
                99.99994659423828,
                0.0,
                13.54206657409668,
                10.437409400939941
            ]
        },
        "CNRM-CERFACS_CNRM-CM6-1_historical": {
            "file_summary": [
                30.436584133400707,
                31.0,
                31.0
            ],
            "percentiles": [
                99.47099965286255,
                99.4543685913086,
                99.43363441467285,
                99.27486038208008,
                98.07340812683105,
                0.008097788551822305,
                0.0,
                0.0,
                0.0,
                0.0,
                0.0,
                0.0,
                0.0
            ],
            "summary": [
                0.0,
                99.5,
                0.0,
                21.68475202013655,
                15.858425697865353
            ]
        },
        "CNRM-CERFACS_CNRM-ESM2-1_historical": {
            "file_summary": [
                30.436584133400707,
                31.0,
                31.0
            ],
            "percentiles": [
                99.46561050415039,
                99.43350601196289,
                99.41032791137695,
                99.22566280364991,
                97.57351226806641,
                5.3828637192054885e-05,
                0.0,
                0.0,
                0.0,
                0.0,
                0.0,
                0.0,
                0.0
            ],
            "summary": [
                0.0,
                99.5,
                0.0,
                20.619606667530896,
                13.500638719643938
            ]
        },
        "CSIRO-ARCCSS_ACCESS-CM2_historical": {
            "file_summary": [
                30.436584133400707,
                31.0,
                31.0
            ],
            "percentiles": [
                99.71976794052125,
                99.61550930023193,
                99.56161296844482,
                99.20963611602784,
                96.95529289245606,
                0.0,
                0.0,
                0.0,
                0.0,
                0.0,
                0.0,
                0.0,
                0.0
            ],
            "summary": [
                0.0,
                99.99981689453125,
                0.0,
                20.151202271316226,
                12.926869373447847
            ]
        },
        "CSIRO_ACCESS-ESM1-5_historical": {
            "file_summary": [
                30.436584133400707,
                31.0,
                31.0
            ],
            "percentiles": [
                99.62860089111328,
                99.50205444335938,
                99.44618057250976,
                99.13630447387695,
                96.20820922851563,
                0.028099140152335167,
                0.0,
                0.0,
                0.0,
                0.0,
                0.0,
                0.0,
                0.0
            ],
            "summary": [
                0.0,
                99.9992446899414,
                0.0,
                19.056011386470193,
                12.868390630635272
            ]
        },
        "HAMMOZ-Consortium_MPI-ESM-1-2-HAM_historical": {
            "file_summary": [
                30.433412917917558,
                31.0,
                279.0
            ],
            "percentiles": [
                98.64324417114263,
                97.99018096923828,
                97.64996337890625,
                94.90909576416016,
                30.949172973633118,
                0.0,
                0.0,
                0.0,
                0.0,
                0.0,
                0.0,
                0.0,
                0.0
            ],
            "summary": [
                0.0,
                100.0,
                0.0,
                9.953777313232422,
                7.779661178588867
            ]
        },
        "MOHC_UKESM1-0-LL_historical": {
            "file_summary": [
                30.0,
                30.0,
                60.0
            ],
            "percentiles": [
                99.8425996246338,
                99.76684089660645,
                99.72630958557129,
                99.50518646240235,
                98.90178985595702,
                0.0,
                0.0,
                0.0,
                0.0,
                0.0,
                0.0,
                0.0,
                0.0
            ],
            "summary": [
                0.0,
                99.99944305419922,
                0.0,
                22.066214776985063,
                16.50944413078068
            ]
        },
        "MPI-M_MPI-ESM1-2-HR_historical": {
            "file_summary": [
                30.427324088341038,
                31.0,
                1023.0
            ],
            "percentiles": [
                98.18697967529297,
                97.21111679077151,
                96.37506866455078,
                92.82630920410155,
                70.10902404785159,
                0.0,
                0.0,
                0.0,
                0.0,
                0.0,
                0.0,
                0.0,
                0.0
            ],
            "summary": [
                0.0,
                100.0,
                0.0,
                12.023128509521484,
                10.22519302368164
            ]
        },
        "MPI-M_MPI-ESM1-2-LR_historical": {
            "file_summary": [
                30.433412917917558,
                31.0,
                279.0
            ],
            "percentiles": [
                98.6710144042971,
                97.93389511108398,
                97.52560424804688,
                94.49638366699219,
                47.845153808594084,
                0.0,
                0.0,
                0.0,
                0.0,
                0.0,
                0.0,
                0.0,
                0.0
            ],
            "summary": [
                0.0,
                100.0,
                0.0,
                10.815306663513184,
                8.805290222167969
            ]
        },
        "MRI_MRI-ESM2-0_historical": {
            "file_summary": [
                30.436584133400707,
                31.0,
                31.0
            ],
            "percentiles": [
                99.67398889160157,
                99.61058013916016,
                99.58244201660156,
                99.38345489501953,
                98.33036041259767,
                0.07715338096022606,
                0.0,
                0.0,
                0.0,
                0.0,
                0.0,
                0.0,
                0.0
            ],
            "summary": [
                0.0,
                99.95860290527344,
                0.0,
                20.625515789473685,
                12.662462280701755
            ]
        },
        "NASA-GISS_GISS-E2-1-G-CC_historical": {
            "file_summary": [
                30.41506781076484,
                31.0,
                124.0
            ],