{
    "data": {
        "NCAR_CESM2-FV2_historical": {
            "file_summary": [
                30.415125918857605,
                31.0,
                124.0
            ],
            "percentiles": [
                349.67550970459126,
                328.73721511840824,
                313.9521060180664,
                267.46719131469723,
                242.10341567993163,
                182.30011177062988,
                129.27687454223633,
                91.93395614624023,
                79.14836273193359,
                74.32060680389404,
                69.84133991241455,
                69.05778137207031,
                68.52152825164795
            ],
            "summary": [
                129.64200973510742,
                118.86199951171875,
                107.75003814697266,
                180.84994044633902,
                139.4156218655968
            ]
        },
        "NCAR_CESM2-WACCM-FV2_historical": {
            "file_summary": [
                30.415125918857605,
                31.0,
                124.0
            ],
            "percentiles": [
                350.08742546081646,
                329.89751922607434,
                315.1375141906737,
                268.7283996582031,
                243.49343261718752,
                184.29794692993164,
                131.23512649536133,
                93.57600498199463,
                80.05088577270507,
                75.08783702850342,
                70.4186128616333,
                69.7740493965149,
                69.15698519897461
            ],
            "summary": [
                131.30408096313477,
                110.96463775634766,
                107.80313110351562,
                188.3969408224674,
                135.5460287111334
            ]
        },
        "NCAR_CESM2-WACCM_historical": {
            "file_summary": [
                30.416377168603592,
                31.0,
                31.0
            ],
            "percentiles": [
                344.93422331237855,
                319.34595230102514,
                299.3018339538574,
                251.15769386291504,
                226.60731353759766,
                168.13576889038086,
                119.72823333740234,
                91.93703937530518,
                81.35616607666014,
                76.94702129364013,
                72.95818641662598,
                72.1693749809265,
                71.46859061813355
            ],
            "summary": [
                119.72823333740234,
                116.69123077392578,
                116.69123077392578,
                180.38982839646823,
                122.45233729706636
            ]
        },
        "NCAR_CESM2_historical": {
            "file_summary": [
                30.414931154655648,
                31.0,
                93.0
            ],
            "percentiles": [
                344.43817562866457,
                319.94557846069307,
                300.00014434814454,
                253.35963134765623,
                227.76898498535184,
                169.8451042175293,
                121.4859561920166,
                93.53205394744873,
                82.39086837768554,
                77.94659652709962,
                73.94635238647462,
                73.0987096786499,
                72.21818354797364
            ],
            "summary": [
                121.60316467285156,
                120.72584533691406,
                114.0775146484375,
                181.5423668470521,
                126.62375391626317
            ]
        }
    },
    "info": {
        "drs": {
            "experiment": "historical",
            "var": "rlds"
        },
        "tech": {
            "percentiles": [
                99.9,
                99.5,
                99.0,
                95.0,
                90,
                75.0,
                50.0,
                25.0,
                10.0,
                5.0,
                1.0,
                0.5,
                0.1
            ],
            "summary": [
                "median",
                "max",
                "min",
                "mean absolute max",
                "mean absolute min"
            ]
        },
        "title": "aggregation across json_ranges/ImonAnt/rlds"
    }
}