{
    "data": {
        "NCAR_CESM2-FV2_historical": {
            "file_summary": [
                30.415125918857605,
                31.0,
                124.0
            ],
            "percentiles": [
                391.47484225463916,
                362.1891762542728,
                349.58394393920895,
                307.94185104370115,
                284.2535964965821,
                213.88593864440918,
                168.11367797851562,
                131.06174659729004,
                122.09782638549805,
                117.44725627899169,
                111.64687183380127,
                110.52914304733277,
                109.27682390594482
            ],
            "summary": [
                168.11732482910156,
                175.7908172607422,
                168.9262237548828,
                238.01118981945837,
                173.45652582748244
            ]
        },
        "NCAR_CESM2-WACCM-FV2_historical": {
            "file_summary": [
                30.415125918857605,
                31.0,
                124.0
            ],
            "percentiles": [
                391.8132181701666,
                363.27798820495616,
                351.0031436157226,
                308.7319267272949,
                284.7158233642578,
                215.7684383392334,
                168.9437599182129,
                131.51851844787598,
                122.38102493286132,
                117.95087165832521,
                112.04525959014893,
                110.85688631057741,
                109.16411002349852
            ],
            "summary": [
                169.35675048828125,
                181.03890991210938,
                172.38148498535156,
                239.2475551654965,
                172.67207873620862
            ]
        },
        "NCAR_CESM2-WACCM_historical": {
            "file_summary": [
                30.416377168603592,
                31.0,
                31.0
            ],
            "percentiles": [
                378.186031707765,
                349.19828819274903,
                334.6374053955078,
                293.20625228881835,
                266.6227981567383,
                206.26336288452148,
                162.3637580871582,
                130.19836616516113,
                123.7622543334961,
                120.18222675323486,
                115.95357803344726,
                114.90483835220337,
                113.41676539993286
            ],
            "summary": [
                162.36375427246094,
                178.01783752441406,
                178.01783752441406,
                235.48785958416406,
                161.73632868128738
            ]
        },
        "NCAR_CESM2_historical": {
            "file_summary": [
                30.41340782122905,
                31.0,
                31.0
            ],
            "percentiles": [
                382.0844754638696,
                352.3116286468503,
                339.25892578125,
                298.80406341552737,
                274.684326171875,
                212.3890209197998,
                166.35259246826172,
                134.73570823669434,
                127.32306098937988,
                123.27684440612794,
                119.02554580688476,
                118.30431007385255,
                116.60985248565675
            ],
            "summary": [
                166.35260009765625,
                175.9610595703125,
                175.9610595703125,
                238.14511535175163,
                167.44992523497578
            ]
        }
    },
    "info": {
        "drs": {
            "experiment": "historical",
            "var": "rlus"
        },
        "tech": {
            "percentiles": [
                99.9,
                99.5,
                99.0,
                95.0,
                90,
                75.0,
                50.0,
                25.0,
                10.0,
                5.0,
                1.0,
                0.5,
                0.1
            ],
            "summary": [
                "median",
                "max",
                "min",
                "mean absolute max",
                "mean absolute min"
            ]
        },
        "title": "aggregation across json_ranges/ImonAnt/rlus"
    }
}