{
    "data": {
        "NCAR_CESM2-FV2_historical": {
            "file_summary": [
                30.415125918857605,
                31.0,
                124.0
            ],
            "percentiles": [
                351.5657046508795,
                342.79751129150395,
                338.01038055419923,
                316.23062896728516,
                294.04529571533203,
                241.35734939575195,
                182.63665771484375,
                31.318042039871216,
                0.671856414526701,
                0.0,
                0.0,
                0.0,
                0.0
            ],
            "summary": [
                181.17496871948242,
                16.56934356689453,
                14.316307067871094,
                201.96904782915638,
                133.66003353335685
            ]
        },
        "NCAR_CESM2-WACCM-FV2_historical": {
            "file_summary": [
                30.415125918857605,
                31.0,
                124.0
            ],
            "percentiles": [
                348.01621147155885,
                334.19235153198247,
                328.1844711303712,
                302.6908073425293,
                281.0182189941406,
                236.32347297668457,
                178.0604705810547,
                31.33701229095459,
                0.6780527718365192,
                0.0,
                0.0,
                0.0,
                0.0
            ],
            "summary": [
                176.91135025024414,
                16.5596923828125,
                13.620808601379395,
                199.99702170843628,
                130.07350864807626
            ]
        },
        "NCAR_CESM2-WACCM_historical": {
            "file_summary": [
                30.416377168603592,
                31.0,
                31.0
            ],
            "percentiles": [
                357.83108825683615,
                343.11359741210936,
                338.4286236572266,
                315.80546875,
                292.3784423828125,
                241.50731658935547,
                184.6155548095703,
                29.854692459106445,
                0.8355811059474963,
                0.0,
                0.0,
                0.0,
                0.0
            ],
            "summary": [
                184.6155548095703,
                17.172239303588867,
                17.172239303588867,
                202.69314234045592,
                129.51565697425403
            ]
        },
        "NCAR_CESM2_historical": {
            "file_summary": [
                30.41570151641612,
                31.0,
                62.0
            ],
            "percentiles": [
                359.18984564208995,
                342.2381979370116,
                337.54637207031254,
                315.90606689453125,
                296.23943481445315,
                245.23162078857422,
                187.08584594726562,
                31.302021026611328,
                0.8826298415660863,
                0.0,
                0.0,
                0.0,
                0.0
            ],
            "summary": [
                186.9472198486328,
                16.78465461730957,
                16.606477737426758,
                202.65143006710133,
                135.40716461238281
            ]
        }
    },
    "info": {
        "drs": {
            "experiment": "historical",
            "var": "rsds"
        },
        "tech": {
            "percentiles": [
                99.9,
                99.5,
                99.0,
                95.0,
                90,
                75.0,
                50.0,
                25.0,
                10.0,
                5.0,
                1.0,
                0.5,
                0.1
            ],
            "summary": [
                "median",
                "max",
                "min",
                "mean absolute max",
                "mean absolute min"
            ]
        },
        "title": "aggregation across json_ranges/ImonAnt/rsds"
    }
}