{
    "data": {
        "NCAR_CESM2-FV2_historical": {
            "file_summary": [
                30.415125918857605,
                31.0,
                124.0
            ],
            "percentiles": [
                288.4425248870851,
                282.891199874878,
                280.3477478027344,
                271.7736946105957,
                266.2783325195312,
                247.76511001586914,
                233.49202728271484,
                219.58956146240234,
                215.84967727661132,
                213.80604400634763,
                211.0856224822998,
                210.57102233886718,
                209.87745052337647
            ],
            "summary": [
                233.48196411132812,
                236.60821533203125,
                233.8563995361328,
                254.2668944332999,
                231.98476680040122
            ]
        },
        "NCAR_CESM2-WACCM-FV2_historical": {
            "file_summary": [
                30.415125918857605,
                31.0,
                124.0
            ],
            "percentiles": [
                288.4998910980225,
                283.0589603424072,
                280.64367370605464,
                271.99668273925784,
                266.41278076171875,
                248.30258750915527,
                233.80918884277344,
                219.79877090454102,
                215.97205123901367,
                214.00233993530276,
                211.23457969665526,
                210.70578746795655,
                209.91403552246095
            ],
            "summary": [
                233.94924926757812,
                237.72518920898438,
                234.67291259765625,
                254.52244232698095,
                231.79203234704113
            ]
        },
        "NCAR_CESM2-WACCM_historical": {
            "file_summary": [
                30.416377168603592,
                31.0,
                31.0
            ],
            "percentiles": [
                285.9314626007082,
                280.27173622131346,
                277.3646961975098,
                268.4246032714844,
                261.9450454711914,
                245.65158653259277,
                231.5628662109375,
                219.31559944152832,
                216.55767822265625,
                215.03422355651855,
                213.12763275146483,
                212.61059818267822,
                211.9260138092041
            ],
            "summary": [
                231.5628662109375,
                236.59393310546875,
                236.59393310546875,
                253.7262888066078,
                228.31125391626318
            ]
        },
        "NCAR_CESM2_historical": {
            "file_summary": [
                30.415125918857562,
                31.0,
                124.0
            ],
            "percentiles": [
                285.98886370849675,
                280.3946610260009,
                277.5617897033692,
                268.647900390625,
                262.2262664794922,
                245.8564109802246,
                232.07858657836914,
                219.82696533203125,
                216.95650787353514,
                215.50841522216797,
                213.58547775268556,
                213.09921875,
                212.41828231811525
            ],
            "summary": [
                232.04843521118164,
                235.98187255859375,
                233.310302734375,
                254.41482127598974,
                230.69307177442323
            ]
        }
    },
    "info": {
        "drs": {
            "experiment": "historical",
            "var": "ts"
        },
        "tech": {
            "percentiles": [
                99.9,
                99.5,
                99.0,
                95.0,
                90,
                75.0,
                50.0,
                25.0,
                10.0,
                5.0,
                1.0,
                0.5,
                0.1
            ],
            "summary": [
                "median",
                "max",
                "min",
                "mean absolute max",
                "mean absolute min"
            ]
        },
        "title": "aggregation across json_ranges/ImonAnt/ts"
    }
}