{
    "data": {
        "NASA-GISS_GISS-E2-1-G-CC_historical": {
            "file_summary": [
                30.41506781076484,
                31.0,
                124.0
            ],
            "percentiles": [
                8.656664977024906e-05,
                6.000584953653742e-05,
                4.777996949997026e-05,
                2.4172985104087274e-05,
                1.4258111514209303e-05,
                6.8624368623204646e-06,
                3.4236135206811014e-06,
                0.0,
                0.0,
                0.0,
                -7.98198054326349e-06,
                -1.3682486483048705e-05,
                -7.65931011774228e-05
            ],
            "summary": [
                3.423477664910024e-06,
                0.00022878342133481055,
                -0.0003915416600648314,
                1.0071097519891016e-05,
                3.995419436322497e-06
            ]
        },
        "NASA-GISS_GISS-E2-1-G_historical": {
            "file_summary": [
                30.41506781076484,
                31.0,
                124.0
            ],
            "percentiles": [
                8.538088721979944e-05,
                6.189073248606286e-05,
                4.89754460795666e-05,
                2.4393830426561176e-05,
                1.4347442447615322e-05,
                6.862491659376246e-06,
                3.4235374641866656e-06,
                0.0,
                0.0,
                0.0,
                -7.896363513282267e-06,
                -1.316179866080347e-05,
                -6.551267163013109e-05
            ],
            "summary": [
                3.4234979011671385e-06,
                0.00020180063438601792,
                -0.0004436137096490711,
                1.0889551138936593e-05,
                4.069158220159009e-06
            ]
        },
        "NASA-GISS_GISS-E2-1-H_historical": {
            "file_summary": [
                30.41506781076484,
                31.0,
                124.0
            ],
            "percentiles": [
                9.859431214864307e-05,
                6.400457787094667e-05,
                4.9407496408093684e-05,
                2.1526817363337614e-05,
                1.3787941497866996e-05,
                3.7940783386147814e-06,
                3.4226518437208142e-06,
                0.0,
                0.0,
                -3.97644316763035e-06,
                -3.836313626379705e-05,
                -7.549788133474066e-05,
                -0.00017957295523956417
            ],
            "summary": [
                3.4228754657306126e-06,
                0.00023386675457004458,
                -0.0006255506305024028,
                1.5175865227105506e-05,
                6.088667367337018e-06
            ]
        },
        "NCAR_CESM2-FV2_historical": {
            "file_summary": [
                30.415125918857605,
                31.0,
                124.0
            ],
            "percentiles": [
                5.10790958796862e-05,
                4.1404301982765974e-05,
                3.5438050417724325e-05,
                2.1651106271747258e-05,
                1.4724063339599524e-05,
                6.467262210207991e-06,
                2.4697675371498917e-06,
                1.3001409513435647e-06,
                6.86211123479552e-07,
                4.0623898840408405e-07,
                0.0,
                -3.018116243036462e-11,
                -7.44958070172288e-05
            ],
            "summary": [
                2.464729618623096e-06,
                9.63850470725447e-05,
                -0.0006684557301923633,
                1.0888729110827895e-05,
                3.6218607664576025e-06
            ]
        },
        "NCAR_CESM2-WACCM-FV2_historical": {
            "file_summary": [
                30.415125918857605,
                31.0,
                124.0
            ],
            "percentiles": [
                5.242678454487781e-05,
                4.1447869825788096e-05,
                3.577770536139725e-05,
                2.1787077548651725e-05,
                1.5159307258727501e-05,
                6.598284414849331e-06,
                2.7124694952362916e-06,
                1.4019357905681318e-06,
                7.518636493841769e-07,
                4.800213545763655e-07,
                0.0,
                -9.557835709017548e-07,
                -0.00011946894806533236
            ],
            "summary": [
                2.694976728889742e-06,
                0.00011061622353736311,
                -0.0007702807779423892,
                1.3892478288690071e-05,
                4.090067007549675e-06
            ]
        },
        "NCAR_CESM2-WACCM_historical": {
            "file_summary": [
                30.416377168603592,
                31.0,
                31.0
            ],
            "percentiles": [
                5.693173068357315e-05,
                4.364718713077313e-05,
                3.708807555085521e-05,
                2.0927120840497044e-05,
                1.3631607180286673e-05,
                5.659343173647358e-06,
                2.386530354669958e-06,
                1.1704509290666465e-06,
                6.224585604286404e-07,
                4.2816234469000847e-07,
                0.0,
                0.0,
                -1.7558829186327785e-05
            ],
            "summary": [
                2.400767698418349e-06,
                0.00021437942632474005,
                -0.0005833987379446626,
                9.515932185725923e-06,
                2.5616161532171668e-06
            ]
        },
        "NCAR_CESM2_historical": {
            "file_summary": [
                30.415125918857562,
                31.0,
                124.0
            ],
            "percentiles": [
                5.965879258656115e-05,
                4.5967155938342414e-05,
                3.8091014503152184e-05,
                2.1383868124757988e-05,
                1.4253079052650721e-05,
                6.02399074978166e-06,
                2.4110022422974e-06,
                1.2145512329198027e-06,
                6.446147210681375e-07,
                4.5106981474418715e-07,
                0.0,
                0.0,
                -2.259780417443835e-05
            ],
            "summary": [
                2.46524336944276e-06,
                0.0001606987789273262,
                -0.000569201831240207,
                9.56145364107012e-06,
                2.8838869328467827e-06
            ]
        }
    },
    "info": {
        "drs": {
            "experiment": "historical",
            "var": "acabfIs"
        },
        "tech": {
            "percentiles": [
                99.9,
                99.5,
                99.0,
                95.0,
                90,
                75.0,
                50.0,
                25.0,
                10.0,
                5.0,
                1.0,
                0.5,
                0.1
            ],
            "summary": [
                "median",
                "max",
                "min",
                "mean absolute max",
                "mean absolute min"
            ]
        },
        "title": "aggregation across json_ranges/LImon/acabfIs"
    }
}