{
    "data": {
        "BCC_BCC-CSM2-MR_historical": {
            "file_summary": [
                30.416371905002528,
                31.0,
                31.0
            ],
            "percentiles": [
                8.981158616734541e-06,
                6.2994810298278e-06,
                5.466841100769667e-06,
                3.4759912921344936e-06,
                2.393920738086308e-06,
                9.480703084818742e-07,
                4.505131023790909e-08,
                0.0,
                0.0,
                0.0,
                0.0,
                0.0,
                0.0
            ],
            "summary": [
                1.86152853132171e-08,
                2.811829290294554e-05,
                0.0,
                1.3113204332404823e-06,
                1.71212390417231e-07
            ]
        },
        "BCC_BCC-ESM1_historical": {
            "file_summary": [
                30.416371905002528,
                31.0,
                31.0
            ],
            "percentiles": [
                8.908335900741944e-06,
                6.662150278771147e-06,
                5.519287565221014e-06,
                3.101097115631999e-06,
                2.2412387124859374e-06,
                9.323014751316805e-07,
                5.835435246126508e-08,
                0.0,
                0.0,
                0.0,
                0.0,
                0.0,
                0.0
            ],
            "summary": [
                1.7060070689467466e-08,
                1.950735349964816e-05,
                0.0,
                1.1347217124371752e-06,
                1.1376179346374777e-07
            ]
        },
        "CNRM-CERFACS_CNRM-CM6-1_historical": {
            "file_summary": [
                30.436584133400707,
                31.0,
                31.0
            ],
            "percentiles": [
                5.803366567306584e-06,
                4.484288122057471e-06,
                3.7278850959409826e-06,
                2.0692351199613744e-06,
                1.2442804745660401e-06,
                3.5234145911999804e-07,
                0.0,
                0.0,
                -2.2547112443760388e-08,
                -8.576502956714191e-08,
                -3.1862310493124826e-07,
                -4.30719865107676e-07,
                -7.324544960169988e-07
            ],
            "summary": [
                0.0,
                1.9920784325222485e-05,
                -8.54090103530325e-06,
                7.188857034361164e-07,
                8.930153699553654e-08
            ]
        },
        "CNRM-CERFACS_CNRM-ESM2-1_historical": {
            "file_summary": [
                30.436584133400707,
                31.0,
                31.0
            ],
            "percentiles": [
                5.724608645323388e-06,
                4.428255881521174e-06,
                3.767199254980368e-06,
                2.233442069154989e-06,
                1.419155410076201e-06,
                4.0944019019661937e-07,
                0.0,
                0.0,
                -2.44271291194309e-08,
                -9.418899118429631e-08,
                -3.54926328327565e-07,
                -4.826769406918174e-07,
                -8.014512395106977e-07
            ],
            "summary": [
                0.0,
                2.142480298061855e-05,
                -5.210690233070636e-06,
                7.522719686826187e-07,
                8.600013537751814e-08
            ]
        },
        "CSIRO-ARCCSS_ACCESS-CM2_historical": {
            "file_summary": [
                30.436584133400707,
                31.0,
                31.0
            ],
            "percentiles": [
                8.021036251193443e-06,
                6.060956877718127e-06,
                5.129130499881285e-06,
                3.181040824529191e-06,
                2.2172123408381594e-06,
                5.079540272845406e-07,
                0.0,
                0.0,
                -4.3710894459536576e-08,
                -6.995801271614255e-08,
                -1.814830383750632e-07,
                -2.4412216959035504e-07,
                -3.551195497664139e-07
            ],
            "summary": [
                0.0,
                2.9514705602196045e-05,
                -8.919028573473042e-07,
                1.2326049510572869e-06,
                8.331374958699475e-08
            ]
        },
        "MIROC_MIROC6_historical": {
            "file_summary": [
                30.436326913420576,
                31.0,
                62.0
            ],
            "percentiles": [
                8.049586849665661e-06,
                6.651457681527969e-06,
                5.904677118451208e-06,
                3.675449278262022e-06,
                2.561884059559816e-06,
                5.040400452571703e-07,
                0.0,
                0.0,
                -2.5875490194948725e-07,
                -4.700331643903155e-07,
                -1.125341557894899e-06,
                -1.3211486802333638e-06,
                -1.8244668464717506e-06
            ],
            "summary": [
                0.0,
                2.9154156436561607e-05,
                -3.932854815502651e-05,
                1.4525045651189209e-06,
                1.7156893215821086e-07
            ]
        },
        "MOHC_HadGEM3-GC31-LL_historical": {
            "file_summary": [
                30.0,
                30.0,
                60.0
            ],
            "percentiles": [
                9.362612473069033e-06,
                7.3828167808187295e-06,
                6.0982743229942536e-06,
                3.7100355370967004e-06,
                2.553467584220926e-06,
                8.336003460840402e-07,
                0.0,
                -2.4245852214832553e-08,
                -1.4354574844333002e-07,
                -2.3150060144416784e-07,
                -5.93380562747825e-07,
                -7.443147671892802e-07,
                -1.047465590829688e-06
            ],
            "summary": [
                0.0,
                2.2082002033130266e-05,
                -4.980614448868437e-06,
                1.3741529399278259e-06,
                2.0839437203229557e-07
            ]
        },
        "MOHC_HadGEM3-GC31-MM_historical": {
            "file_summary": [
                30.0,
                30.0,
                300.0
            ],
            "percentiles": [
                9.284339175792427e-06,
                7.011025263636838e-06,
                5.946579949522847e-06,
                3.5898087844543625e-06,
                2.5172976165777072e-06,
                8.982019608083647e-07,
                0.0,
                -6.631460380823739e-10,
                -1.8008194047069992e-07,
                -2.986469951338222e-07,
                -6.964673048059922e-07,
                -8.225203373513068e-07,
                -1.1203217536603915e-06
            ],
            "summary": [
                0.0,
                2.322714681213256e-05,
                -6.47607976134168e-06,
                1.455963638070012e-06,
                1.1543722815844428e-06
            ]
        },
        "MOHC_UKESM1-0-LL_historical": {
            "file_summary": [
                30.0,
                30.0,
                60.0
            ],
            "percentiles": [
                7.225454489116701e-06,
                5.594408676188309e-06,
                4.7938827742655105e-06,
                2.8427421682408746e-06,
                1.9065481978941543e-06,
                6.221853894317064e-07,
                0.0,
                -3.1802520686352587e-10,
                -1.087216208617292e-07,
                -1.7747779921251094e-07,
                -4.399932976184573e-07,
                -5.643104323382886e-07,
                -8.45782332504541e-07
            ],