{
    "data": {
        "CNRM-CERFACS_CNRM-CM6-1_historical": {
            "file_summary": [
                30.436584133400707,
                31.0,
                31.0
            ],
            "percentiles": [
                100.0,
                100.0,
                100.0,
                100.0,
                100.0,
                73.29952239990234,
                0.0,
                0.0,
                0.0,
                0.0,
                0.0,
                0.0,
                0.0
            ],
            "summary": [
                0.0,
                100.0,
                0.0,
                26.738596579661266,
                26.738596579661266
            ]
        },
        "CNRM-CERFACS_CNRM-ESM2-1_historical": {
            "file_summary": [
                30.436584133400707,
                31.0,
                31.0
            ],
            "percentiles": [
                100.0,
                100.0,
                100.0,
                100.0,
                100.0,
                73.29949951171875,
                0.0,
                0.0,
                0.0,
                0.0,
                0.0,
                0.0,
                0.0
            ],
            "summary": [
                0.0,
                100.0,
                0.0,
                26.738594288437568,
                26.738594288437568
            ]
        },
        "CSIRO-ARCCSS_ACCESS-CM2_historical": {
            "file_summary": [
                30.436584133400707,
                31.0,
                31.0
            ],
            "percentiles": [
                100.0,
                100.0,
                100.0,
                100.0,
                100.0,
                100.0,
                0.0,
                0.0,
                0.0,
                0.0,
                0.0,
                0.0,
                0.0
            ],
            "summary": [
                0.0,
                100.0,
                0.0,
                29.37615105571575,
                29.37615105571575
            ]
        },
        "CSIRO_ACCESS-ESM1-5_historical": {
            "file_summary": [
                30.436584133400707,
                31.0,
                31.0
            ],
            "percentiles": [
                100.0,
                100.0,
                100.0,
                100.0,
                100.0,
                100.0,
                0.0,
                0.0,
                0.0,
                0.0,
                0.0,
                0.0,
                0.0
            ],
            "summary": [
                0.0,
                100.0,
                0.0,
                29.97347273354809,
                29.97347273354809
            ]
        },
        "NASA-GISS_GISS-E2-1-G-CC_historical": {
            "file_summary": [
                30.41506781076484,
                31.0,
                124.0
            ],
            "percentiles": [
                100.0,
                100.0,
                100.0,
                100.0,
                100.0,
                0.0,
                0.0,
                0.0,
                0.0,
                0.0,
                0.0,
                0.0,
                0.0
            ],
            "summary": [
                0.0,
                100.0,
                0.0,
                11.619241714477539,
                11.619241714477539
            ]
        },
        "NASA-GISS_GISS-E2-1-G_historical": {
            "file_summary": [
                30.41506781076484,
                31.0,
                124.0
            ],
            "percentiles": [
                100.0,
                100.0,
                100.0,
                100.0,
                100.0,
                0.0,
                0.0,
                0.0,
                0.0,
                0.0,
                0.0,
                0.0,
                0.0
            ],
            "summary": [
                0.0,
                100.0,
                0.0,
                11.619241714477539,
                11.619241714477539
            ]
        },
        "NASA-GISS_GISS-E2-1-H_historical": {
            "file_summary": [
                30.41506781076484,
                31.0,
                124.0
            ],
            "percentiles": [
                100.0,
                100.0,
                100.0,
                100.0,
                98.95995330810547,
                0.0,
                0.0,
                0.0,
                0.0,
                0.0,
                0.0,
                0.0,
                0.0
            ],
            "summary": [
                0.0,
                100.0,
                0.0,
                11.083897590637207,
                11.083897590637207
            ]
        },
        "NCAR_CESM2-FV2_historical": {
            "file_summary": [
                30.415125918857605,
                31.0,
                124.0
            ],
            "percentiles": [
                100.0,
                100.0,
                100.0,
                100.0,
                100.0,
                99.0,
                0.0,
                0.0,
                0.0,
                0.0,
                0.0,
                0.0,
                0.0
            ],
            "summary": [
                0.0,
                100.0,
                0.0,
                30.662132125838333,
                30.662132125838333
            ]
        },
        "NCAR_CESM2-WACCM-FV2_historical": {
            "file_summary": [
                30.415125918857605,
                31.0,
                124.0
            ],
            "percentiles": [
                100.0,
                100.0,
                100.0,
                100.0,
                100.0,
                99.0,
                0.0,
                0.0,
                0.0,
                0.0,
                0.0,
                0.0,
                0.0
            ],
            "summary": [
                0.0,
                100.0,
                0.0,
                30.662132125838333,
                30.662132125838333
            ]
        },
        "NCAR_CESM2-WACCM_historical": {
            "file_summary": [
                30.416377168603592,
                31.0,
                31.0
            ],
            "percentiles": [
                100.0,
                100.0,
                100.0,
                100.0,
                100.0,
                100.0,
                0.0,
                0.0,
                0.0,
                0.0,
                0.0,
                0.0,
                0.0
            ],
            "summary": [
                0.0,
                100.0,
                0.0,
                30.023756127159377,
                30.023756127159377
            ]
        },
        "NCAR_CESM2_historical": {
            "file_summary": [
                30.415125918857562,
                31.0,
                124.0
            ],
            "percentiles": [
                100.0,
                100.0,
                100.0,
                100.0,
                100.0,
                100.0,
                0.0,
                0.0,
                0.0,
                0.0,
                0.0,
                0.0,
                0.0
            ],
            "summary": [
                0.0,
                100.0,
                0.0,
                30.023756127159377,
                30.023756127159377
            ]
        }
    },
    "info": {
        "drs": {
            "experiment": "historical",
            "var": "sftgif"
        },