{
    "data": {
        "BCC_BCC-CSM2-MR_historical": {
            "file_summary": [
                30.416371905002528,
                31.0,
                31.0
            ],
            "percentiles": [
                273.1600036621094,
                273.1289208221435,
                273.00816085815427,
                271.98915710449216,
                271.04303588867185,
                267.6892395019531,
                254.43653106689453,
                236.88336944580078,
                221.4860725402832,
                217.63167190551758,
                212.22693801879882,
                211.27648830413818,
                210.34098256683347
            ],
            "summary": [
                253.61578369140625,
                273.1600036621094,
                202.0501251220703,
                255.92914024758454,
                241.0193095072866
            ]
        },
        "BCC_BCC-ESM1_historical": {
            "file_summary": [
                30.416371905002528,
                31.0,
                31.0
            ],
            "percentiles": [
                273.15999435424806,
                273.1044551086426,
                272.9417449951172,
                271.9432205200195,
                271.0318145751953,
                266.75384521484375,
                253.92726516723633,
                235.69875144958496,
                221.4467010498047,
                215.17868041992188,
                208.32976707458496,
                207.45517585754394,
                206.49608866882323
            ],
            "summary": [
                253.51046752929688,
                273.1600036621094,
                196.83084106445312,
                256.6032142857143,
                238.24417152373022
            ]
        },
        "CNRM-CERFACS_CNRM-CM6-1_historical": {
            "file_summary": [
                30.436584133400707,
                31.0,
                31.0
            ],
            "percentiles": [
                273.1600036621094,
                273.15997314453125,
                273.15942947387697,
                272.93903808593745,
                272.2719329833984,
                269.90181732177734,
                253.00160598754883,
                237.2462158203125,
                215.7348014831543,
                204.45626068115234,
                202.3553924560547,
                202.03863582611083,
                200.71817106628419
            ],
            "summary": [
                253.49966430664062,
                273.1600036621094,
                197.8210906982422,
                252.65721453067445,
                241.62083603720527
            ]
        },
        "CNRM-CERFACS_CNRM-ESM2-1_historical": {
            "file_summary": [
                30.436584133400707,
                31.0,
                31.0
            ],
            "percentiles": [
                273.1600036621094,
                273.16000129699705,
                273.1594065856934,
                273.09832763671875,
                272.46698608398435,
                270.5036506652832,
                254.99455642700195,
                237.5685520172119,
                216.57754669189453,
                205.90371131896973,
                203.37608421325683,
                202.94407012939453,
                201.32337188720703
            ],
            "summary": [
                255.6780548095703,
                273.1600036621094,
                197.7190399169922,
                253.7827160105647,
                242.1288469993405
            ]
        },
        "MIROC_MIROC6_historical": {
            "file_summary": [
                30.436326913420576,
                31.0,
                62.0
            ],
            "percentiles": [
                273.1499938964844,
                273.1499938964844,
                273.1499938964844,
                272.8018402099609,
                272.0556045532227,
                267.2796325683594,
                256.92498779296875,
                244.06102561950684,
                229.9603675842285,
                227.00914306640624,
                223.35578842163085,
                222.09593452453612,
                220.7618558807373
            ],
            "summary": [
                256.77394104003906,
                273.1499938964844,
                213.17469787597656,
                257.4079617834395,
                245.40286894522407
            ]
        },
        "NCAR_CESM2-FV2_historical": {
            "file_summary": [
                30.415125918857605,
                31.0,
                124.0
            ],
            "percentiles": [
                9.999999616903162e+35,
                9.999999616903162e+35,
                9.999999616903162e+35,
                9.999999616903162e+35,
                9.999999616903162e+35,
                9.999999616903162e+35,
                9.999999616903162e+35,
                233.95165634155273,
                0.0,
                0.0,
                0.0,
                0.0,
                0.0
            ],
            "summary": [
                9.999999616903162e+35,
                9.999999616903162e+35,
                0.0,
                NaN,
                NaN
            ]
        },
        "NCAR_CESM2-WACCM-FV2_historical": {
            "file_summary": [
                30.415125918857605,
                31.0,
                124.0
            ],
            "percentiles": [
                9.999999616903162e+35,
                9.999999616903162e+35,
                9.999999616903162e+35,
                9.999999616903162e+35,
                9.999999616903162e+35,
                9.999999616903162e+35,
                9.999999616903162e+35,
                240.70223236083984,
                0.0,
                0.0,
                0.0,
                0.0,
                0.0
            ],
            "summary": [
                9.999999616903162e+35,
                9.999999616903162e+35,
                0.0,
                NaN,
                NaN
            ]
        },
        "NCAR_CESM2-WACCM_historical": {
            "file_summary": [
                30.416377168603592,
                31.0,
                31.0
            ],
            "percentiles": [
                9.999999616903162e+35,
                9.999999616903162e+35,
                9.999999616903162e+35,
                9.999999616903162e+35,
                9.999999616903162e+35,
                9.999999616903162e+35,
                9.999999616903162e+35,
                250.01057624816895,
                0.0,
                0.0,
                0.0,
                0.0,
                0.0
            ],
            "summary": [
                9.999999616903162e+35,
                9.999999616903162e+35,
                0.0,
                NaN,
                NaN
            ]
        },
        "NCAR_CESM2_historical": {
            "file_summary": [
                30.415698618067065,
                31.0,
                93.0
            ],
            "percentiles": [
                9.999999616903162e+35,
                9.999999616903162e+35,
                9.999999616903162e+35,
                9.999999616903162e+35,
                9.999999616903162e+35,
                9.999999616903162e+35,
                9.999999616903162e+35,
                248.88028144836426,
                0.0,
                0.0,
                0.0,
                0.0,
                0.0
            ],
            "summary": [
                9.999999616903162e+35,
                9.999999616903162e+35,
                0.0,
                NaN,
                NaN
            ]
        }
    },
    "info": {
        "drs": {
            "experiment": "historical",
            "var": "tsn"
        },