{
    "data": {
        "percentiles": [
            19.155385246276893,
            16.105692720413213,
            13.004485130310059,
            8.66023313999176,
            6.115158319473267,
            3.806260406970978,
            1.741963505744934,
            0.985917866230011,
            0.6441317977011203
        ],
        "summary": [
            6.116055965423584,
            30.432262420654297,
            0.015254825353622437,
            7.240151405334473,
            6.190561294555664
        ]
    },
    "info": {
        "tech": {
            "percentiles": [
                99.9,
                99.0,
                95.0,
                75.0,
                50.0,
                25.0,
                5.0,
                1.0,
                0.1
            ],
            "summary": [
                "median",
                "max",
                "min",
                "mean absolute max",
                "mean absolute min"
            ]
        },
        "title": "From sh_ranges/sfcWind/sfcWind_NCAR_CESM2_historical_00-01"
    }
}