{
    "data": {
        "percentiles": [
            18.331481061935627,
            15.59312044143677,
            12.621734380722046,
            8.010783314704895,
            5.382850289344788,
            3.2508153915405273,
            1.2839989870786668,
            0.5218120685219765,
            0.12453280249238016
        ],
        "summary": [
            5.363430976867676,
            25.485435485839844,
            0.0028640765231102705,
            6.7027058601379395,
            5.225393295288086
        ]
    },
    "info": {
        "tech": {
            "percentiles": [
                99.9,
                99.0,
                95.0,
                75.0,
                50.0,
                25.0,
                5.0,
                1.0,
                0.1
            ],
            "summary": [
                "median",
                "max",
                "min",
                "mean absolute max",
                "mean absolute min"
            ]
        },
        "title": "From sh_ranges/sfcWind/sfcWind_BCC_BCC-ESM1_historical_00-01"
    }
}