{
    "data": {
        "percentiles": [
            18.569383171081558,
            15.692830581665037,
            12.81908931732177,
            8.5960111618042,
            5.861974716186523,
            3.347625732421875,
            1.4036741256713867,
            0.856646728515625,
            0.5405582160949707
        ],
        "summary": [
            5.8248138427734375,
            32.18634796142578,
            0.09383392333984375,
            7.018683433532715,
            5.595563888549805
        ]
    },
    "info": {
        "tech": {
            "percentiles": [
                99.9,
                99.0,
                95.0,
                75.0,
                50.0,
                25.0,
                5.0,
                1.0,
                0.1
            ],
            "summary": [
                "median",
                "max",
                "min",
                "mean absolute max",
                "mean absolute min"
            ]
        },
        "title": "From sh_ranges/sfcWind/sfcWind_MOHC_HadGEM3-GC31-LL_historical_00-01"
    }
}