{
    "data": {
        "percentiles": [
            19.331136085510312,
            16.06257301330566,
            13.142349243164055,
            8.826986312866211,
            6.1167144775390625,
            3.591136932373047,
            1.4925521850585937,
            0.9140084838867187,
            0.5811134567260742
        ],
        "summary": [
            6.092872619628906,
            36.14347839355469,
            0.04729461669921875,
            7.143184185028076,
            6.390291213989258
        ]
    },
    "info": {
        "tech": {
            "percentiles": [
                99.9,
                99.0,
                95.0,
                75.0,
                50.0,
                25.0,
                5.0,
                1.0,
                0.1
            ],
            "summary": [
                "median",
                "max",
                "min",
                "mean absolute max",
                "mean absolute min"
            ]
        },
        "title": "From sh_ranges/sfcWind/sfcWind_MOHC_HadGEM3-GC31-MM_historical_00-01"
    }
}