{
    "data": {
        "percentiles": [
            19.209092054367183,
            16.03703780174256,
            12.949429512023926,
            8.615575790405273,
            6.055790901184082,
            3.774806559085846,
            1.7212145626544952,
            0.9750538900494576,
            0.638625126928091
        ],
        "summary": [
            6.035411834716797,
            31.856863021850586,
            0.008902251720428467,
            7.170944690704346,
            6.113852500915527
        ]
    },
    "info": {
        "tech": {
            "percentiles": [
                99.9,
                99.0,
                95.0,
                75.0,
                50.0,
                25.0,
                5.0,
                1.0,
                0.1
            ],
            "summary": [
                "median",
                "max",
                "min",
                "mean absolute max",
                "mean absolute min"
            ]
        },
        "title": "From sh_ranges/sfcWind/sfcWind_NCAR_CESM2-WACCM_historical_00-01"
    }
}