{
    "data": {
        "percentiles": [
            18.59227737808246,
            15.719260902404773,
            12.822362899780272,
            8.605459213256836,
            5.87858772277832,
            3.411078453063965,
            1.4215106964111328,
            0.8792662811279297,
            0.5688159523010254
        ],
        "summary": [
            5.8707427978515625,
            32.93644714355469,
            0.09934234619140625,
            7.028692722320557,
            5.650478363037109
        ]
    },
    "info": {
        "tech": {
            "percentiles": [
                99.9,
                99.0,
                95.0,
                75.0,
                50.0,
                25.0,
                5.0,
                1.0,
                0.1
            ],
            "summary": [
                "median",
                "max",
                "min",
                "mean absolute max",
                "mean absolute min"
            ]
        },
        "title": "From sh_ranges/sfcWind/sfcWind_MOHC_UKESM1-0-LL_historical_00-01"
    }
}