{
    "data": {
        "percentiles": [
            18.991766540527635,
            16.039615535736104,
            13.097654581069946,
            8.379606485366821,
            5.712864637374878,
            3.5328943729400635,
            1.5921241700649262,
            0.8391880005598069,
            0.2705625225454569
        ],
        "summary": [
            5.6902971267700195,
            34.39578628540039,
            0.0013694420922547579,
            6.773807525634766,
            5.885613918304443
        ]
    },
    "info": {
        "tech": {
            "percentiles": [
                99.9,
                99.0,
                95.0,
                75.0,
                50.0,
                25.0,
                5.0,
                1.0,
                0.1
            ],
            "summary": [
                "median",
                "max",
                "min",
                "mean absolute max",
                "mean absolute min"
            ]
        },
        "title": "From sh_ranges/sfcWind/sfcWind_BCC_BCC-CSM2-MR_historical_00-01"
    }
}