{
    "data": {
        "percentiles": [
            17.804635886192383,
            14.873001227378845,
            12.044319939613343,
            8.020201802253723,
            5.519829511642456,
            3.224352180957794,
            1.3044397741556168,
            0.4720512527227402,
            0.15296480706334115
        ],
        "summary": [
            5.521130561828613,
            28.863252639770508,
            0.007011038716882467,
            6.531551361083984,
            5.380296230316162
        ]
    },
    "info": {
        "tech": {
            "percentiles": [
                99.9,
                99.0,
                95.0,
                75.0,
                50.0,
                25.0,
                5.0,
                1.0,
                0.1
            ],
            "summary": [
                "median",
                "max",
                "min",
                "mean absolute max",
                "mean absolute min"
            ]
        },
        "title": "From sh_ranges/sfcWind/sfcWind_IPSL_IPSL-CM6A-LR_historical_00-01"
    }
}