{
    "data": {
        "NCAR_CESM2-FV2_historical": {
            "file_summary": [
                30.415125918857605,
                31.0,
                124.0
            ],
            "percentiles": [
                5.119221222776117e-05,
                4.134320253797342e-05,
                3.570890883565882e-05,
                2.175790118599251e-05,
                1.4928757764209877e-05,
                6.50032268367795e-06,
                2.574863174231723e-06,
                1.3252912083316915e-06,
                6.928096155434105e-07,
                4.520625033421766e-07,
                0.0,
                -7.121741631976797e-09,
                -8.843161607728688e-05
            ],
            "summary": [
                2.604397366212652e-06,
                0.0,
                -3.893393113685306e-06,
                1.2778067301474344e-05,
                2.706323169806613e-06
            ]
        },
        "NCAR_CESM2-WACCM-FV2_historical": {
            "file_summary": [
                30.415125918857605,
                31.0,
                124.0
            ],
            "percentiles": [
                5.326504354161457e-05,
                4.241200622345789e-05,
                3.6694522623292954e-05,
                2.199617874794057e-05,
                1.5045114696476958e-05,
                6.596398918645718e-06,
                2.593829151464888e-06,
                1.3341911540010187e-06,
                6.995473057713753e-07,
                4.545812572587238e-07,
                0.0,
                -4.810807843114109e-07,
                -0.00011019861009481247
            ],
            "summary": [
                2.5873860067804344e-06,
                -2.3051295983123055e-08,
                -7.99486952018924e-06,
                1.3892478288690071e-05,
                2.753060267227514e-06
            ]
        },
        "NCAR_CESM2-WACCM_historical": {
            "file_summary": [
                30.416377168603592,
                31.0,
                31.0
            ],
            "percentiles": [
                5.74750347605015e-05,
                4.393373724269628e-05,
                3.708149391968634e-05,
                2.0734490135509973e-05,
                1.3653797623192082e-05,
                5.735036950227368e-06,
                2.3775833710715233e-06,
                1.1644465587323793e-06,
                6.184151260413274e-07,
                4.2222462042218473e-07,
                0.0,
                0.0,
                -1.3097769297928607e-05
            ],
            "summary": [
                2.377583427914942e-06,
                0.0,
                0.0,
                9.867909819247665e-06,
                2.261312789788147e-06
            ]
        },
        "NCAR_CESM2_historical": {
            "file_summary": [
                30.415125918857562,
                31.0,
                124.0
            ],
            "percentiles": [
                5.775580169029158e-05,
                4.431671567544985e-05,
                3.753198841877748e-05,
                2.120105596077337e-05,
                1.4019632453710074e-05,
                5.976753868708329e-06,
                2.464171757310396e-06,
                1.2186211364451083e-06,
                6.498394498066773e-07,
                4.437249820909983e-07,
                0.0,
                0.0,
                -1.603629967598863e-05
            ],
            "summary": [
                2.490709618996334e-06,
                0.0,
                -2.683747482024046e-07,
                1.0753850535956577e-05,
                2.5550790128784676e-06
            ]
        }
    },
    "info": {
        "drs": {
            "experiment": "historical",
            "var": "acabf"
        },
        "tech": {
            "percentiles": [
                99.9,
                99.5,
                99.0,
                95.0,
                90,
                75.0,
                50.0,
                25.0,
                10.0,
                5.0,
                1.0,
                0.5,
                0.1
            ],
            "summary": [
                "median",
                "max",
                "min",
                "mean absolute max",
                "mean absolute min"
            ]
        },
        "title": "aggregation across json_ranges/ImonGre/acabf"
    }
}