{
    "data": {
        "NCAR_CESM2-FV2_historical": {
            "file_summary": [
                30.415125918857605,
                31.0,
                124.0
            ],
            "percentiles": [
                119.61862467193988,
                84.89373495101957,
                70.61278327941889,
                16.538414812088,
                7.420807933807376,
                0.4349045380949974,
                -0.20451421290636063,
                -0.42460890859365463,
                -1.2231467306613921,
                -1.960083195567131,
                -3.265325058698654,
                -3.7088859075307847,
                -4.548015441417694
            ],
            "summary": [
                -0.2068183235824108,
                -2.821115493774414,
                -3.123446226119995,
                7.401734010625627,
                2.8061173265891424
            ]
        },
        "NCAR_CESM2-WACCM-FV2_historical": {
            "file_summary": [
                30.415125918857605,
                31.0,
                124.0
            ],
            "percentiles": [
                120.4477267951977,
                83.77459640502943,
                69.01007438659661,
                16.913516759872422,
                7.54042329788208,
                0.4291139952838421,
                -0.2050209455192089,
                -0.4244818314909935,
                -1.2339482843875884,
                -1.97239915728569,
                -3.2540372133255007,
                -3.714075316786766,
                -4.553912490844726
            ],
            "summary": [
                -0.2034914568066597,
                -2.752765417098999,
                -3.2536439895629883,
                7.459525549304162,
                2.840922180604313
            ]
        },
        "NCAR_CESM2-WACCM_historical": {
            "file_summary": [
                30.416377168603592,
                31.0,
                31.0
            ],
            "percentiles": [
                112.62234142303977,
                74.00272197723353,
                56.03969226837158,
                13.837269258499136,
                6.407590270042423,
                0.5260551646351814,
                -0.2087167650461197,
                -0.43450072780251503,
                -1.0671956956386563,
                -1.8756339699029922,
                -2.9591457998752593,
                -3.349841581583023,
                -4.073870608568192
            ],
            "summary": [
                -0.2087167650461197,
                -2.9571666717529297,
                -2.9571666717529297,
                5.746371337403874,
                2.015547676053831
            ]
        },
        "NCAR_CESM2_historical": {
            "file_summary": [
                30.415125918857562,
                31.0,
                124.0
            ],
            "percentiles": [
                113.52526427460248,
                75.455650691986,
                56.8737844276428,
                14.138852787017814,
                6.485200238227846,
                0.524206168949604,
                -0.22394858300685883,
                -0.460636418312788,
                -1.1197939097881315,
                -1.9521173000335692,
                -3.1814410054683684,
                -3.6084297853708267,
                -4.389867717266083
            ],
            "summary": [
                -0.22414648905396461,
                -3.086751699447632,
                -3.4528985023498535,
                5.730533279336371,
                2.2544875703147254
            ]
        }
    },
    "info": {
        "drs": {
            "experiment": "historical",
            "var": "hfls"
        },
        "tech": {
            "percentiles": [
                99.9,
                99.5,
                99.0,
                95.0,
                90,
                75.0,
                50.0,
                25.0,
                10.0,
                5.0,
                1.0,
                0.5,
                0.1
            ],
            "summary": [
                "median",
                "max",
                "min",
                "mean absolute max",
                "mean absolute min"
            ]
        },
        "title": "aggregation across json_ranges/ImonGre/hfls"
    }
}