{
    "data": {
        "NCAR_CESM2-FV2_historical": {
            "file_summary": [
                30.415125918857605,
                31.0,
                124.0
            ],
            "percentiles": [
                11.978016451359323,
                8.571336452960974,
                6.5015108799934325,
                0.584090358018871,
                -2.927107727527617,
                -15.814207911491394,
                -25.387454986572266,
                -30.160117387771606,
                -33.85843334197998,
                -36.229789924621585,
                -43.00090953826904,
                -44.88223011016845,
                -47.82566208076477
            ],
            "summary": [
                -25.548330783843994,
                -35.74845504760742,
                -36.97365188598633,
                31.125123417126378,
                6.747612466305165
            ]
        },
        "NCAR_CESM2-WACCM-FV2_historical": {
            "file_summary": [
                30.415125918857605,
                31.0,
                124.0
            ],
            "percentiles": [
                11.756283672809666,
                8.419637639522588,
                6.551653127670283,
                0.783335407078265,
                -2.776882231235499,
                -15.537103176116943,
                -24.882256984710693,
                -29.811777353286743,
                -33.66149272918702,
                -36.06663389205933,
                -42.586162891387936,
                -44.37342065811157,
                -47.61924360656738
            ],
            "summary": [
                -24.784063816070557,
                -33.11281967163086,
                -38.25651931762695,
                32.270383415872615,
                6.483814725426279
            ]
        },
        "NCAR_CESM2-WACCM_historical": {
            "file_summary": [
                30.416377168603592,
                31.0,
                31.0
            ],
            "percentiles": [
                12.041253178119746,
                8.309019777774795,
                6.056000845432278,
                -0.676267935335638,
                -5.351549720764151,
                -21.167996406555176,
                -27.3779034614563,
                -32.16577196121216,
                -36.37662525177002,
                -39.9175308227539,
                -48.893569736480714,
                -51.75988111495971,
                -56.17100185203552
            ],
            "summary": [
                -27.37790298461914,
                -40.0499382019043,
                -40.0499382019043,
                34.84551676872686,
                6.645274449943036
            ]
        },
        "NCAR_CESM2_historical": {
            "file_summary": [
                30.415125918857562,
                31.0,
                124.0
            ],
            "percentiles": [
                12.33057804059997,
                8.389992423057548,
                6.067206263542172,
                -0.9878625497221993,
                -5.636296653747556,
                -21.454002618789673,
                -27.746006965637207,
                -32.574883460998535,
                -37.174805641174316,
                -40.860518074035646,
                -49.30086828231811,
                -52.13310138702393,
                -56.62453134536743
            ],
            "summary": [
                -27.22957468032837,
                -40.65554428100586,
                -42.84737014770508,
                34.80461852036457,
                7.521264641483907
            ]
        }
    },
    "info": {
        "drs": {
            "experiment": "historical",
            "var": "hfss"
        },
        "tech": {
            "percentiles": [
                99.9,
                99.5,
                99.0,
                95.0,
                90,
                75.0,
                50.0,
                25.0,
                10.0,
                5.0,
                1.0,
                0.5,
                0.1
            ],
            "summary": [
                "median",
                "max",
                "min",
                "mean absolute max",
                "mean absolute min"
            ]
        },
        "title": "aggregation across json_ranges/ImonGre/hfss"
    }
}