{
    "data": {
        "NCAR_CESM2-FV2_historical": {
            "file_summary": [
                30.415125918857605,
                31.0,
                124.0
            ],
            "percentiles": [
                246.4779457855226,
                231.12343032836918,
                229.31602035522462,
                210.82184867858885,
                163.9923942565918,
                64.21807289123535,
                40.71293640136719,
                22.00796329975128,
                0.0,
                0.0,
                0.0,
                0.0,
                0.0
            ],
            "summary": [
                40.702454566955566,
                14.135860443115234,
                12.441289901733398,
                280.41352181544636,
                22.48134050589268
            ]
        },
        "NCAR_CESM2-WACCM-FV2_historical": {
            "file_summary": [
                30.415125918857605,
                31.0,
                124.0
            ],
            "percentiles": [
                237.35281671142639,
                231.23186801910404,
                228.71065696716306,
                210.26629295349122,
                164.92949829101565,
                63.6334342956543,
                40.372178077697754,
                22.308489680290222,
                0.0,
                0.0,
                0.0,
                0.0,
                0.0
            ],
            "summary": [
                40.38886308670044,
                14.294326782226562,
                11.88559627532959,
                280.4763665997994,
                22.283765358575728
            ]
        },
        "NCAR_CESM2-WACCM_historical": {
            "file_summary": [
                30.416377168603592,
                31.0,
                31.0
            ],
            "percentiles": [
                255.23932209777922,
                236.2484762191771,
                232.92525650024413,
                214.12786941528321,
                180.4956817626955,
                65.90750789642334,
                40.22897434234619,
                22.197022438049316,
                0.019094788469374215,
                0.0,
                0.0,
                0.0,
                0.0
            ],
            "summary": [
                40.22897529602051,
                16.776371002197266,
                16.776371002197266,
                290.45343207063513,
                20.333398604386215
            ]
        },
        "NCAR_CESM2_historical": {
            "file_summary": [
                30.415125918857562,
                31.0,
                124.0
            ],
            "percentiles": [
                255.59269557952894,
                232.77116767883297,
                230.74890739440917,
                214.3259983062744,
                175.43825531005865,
                66.22873735427856,
                40.8519229888916,
                21.65781021118164,
                0.01788016334176067,
                0.0,
                0.0,
                0.0,
                0.0
            ],
            "summary": [
                40.329251289367676,
                16.936477661132812,
                13.897442817687988,
                291.8692146112219,
                22.613680664340645
            ]
        }
    },
    "info": {
        "drs": {
            "experiment": "historical",
            "var": "rsus"
        },
        "tech": {
            "percentiles": [
                99.9,
                99.5,
                99.0,
                95.0,
                90,
                75.0,
                50.0,
                25.0,
                10.0,
                5.0,
                1.0,
                0.5,
                0.1
            ],
            "summary": [
                "median",
                "max",
                "min",
                "mean absolute max",
                "mean absolute min"
            ]
        },
        "title": "aggregation across json_ranges/ImonGre/rsus"
    }
}