{
    "data": {
        "NCAR_CESM2-FV2_historical": {
            "file_summary": [
                30.415125918857605,
                31.0,
                124.0
            ],
            "percentiles": [
                9.78864535682084e-06,
                7.545262828898566e-06,
                6.350210253458497e-06,
                3.2595881236829875e-06,
                2.078034469832347e-06,
                2.8851015443365213e-07,
                2.582240066217878e-08,
                3.128334466473426e-10,
                0.0,
                0.0,
                0.0,
                0.0,
                0.0
            ],
            "summary": [
                2.7246793266044733e-08,
                0.0,
                0.0,
                1.766083135251834e-06,
                2.867875689848017e-07
            ]
        },
        "NCAR_CESM2-WACCM-FV2_historical": {
            "file_summary": [
                30.415125918857605,
                31.0,
                124.0
            ],
            "percentiles": [
                9.820070646128583e-06,
                7.599888307368022e-06,
                6.339656881664262e-06,
                3.2343745772323e-06,
                2.0144435893598715e-06,
                2.955661848602631e-07,
                2.7314710049353152e-08,
                4.2524938084764763e-10,
                0.0,
                0.0,
                0.0,
                0.0,
                0.0
            ],
            "summary": [
                2.8557489262226454e-08,
                0.0,
                0.0,
                1.6533788583178816e-06,
                2.813929682102432e-07
            ]
        },
        "NCAR_CESM2-WACCM_historical": {
            "file_summary": [
                30.416377168603592,
                31.0,
                31.0
            ],
            "percentiles": [
                1.1729412608474411e-05,
                8.460690698939287e-06,
                6.951984125862508e-06,
                3.384994937505325e-06,
                2.167756065318827e-06,
                3.334766454088367e-07,
                1.8969330994877964e-08,
                4.414950384445948e-10,
                0.0,
                0.0,
                0.0,
                0.0,
                0.0
            ],
            "summary": [
                1.8969330994877964e-08,
                0.0,
                0.0,
                1.850598302068482e-06,
                2.8931667746530915e-07
            ]
        },
        "NCAR_CESM2_historical": {
            "file_summary": [
                30.415125918857562,
                31.0,
                124.0
            ],
            "percentiles": [
                1.1809619814357955e-05,
                8.593974418999996e-06,
                6.993067806888575e-06,
                3.452875301945823e-06,
                2.215235065250457e-06,
                3.4328942888350866e-07,
                1.93800877568151e-08,
                4.5520005820254283e-10,
                0.0,
                0.0,
                0.0,
                0.0,
                0.0
            ],
            "summary": [
                2.019142897324855e-08,
                0.0,
                0.0,
                1.7587460494727296e-06,
                3.1271330562370585e-07
            ]
        }
    },
    "info": {
        "drs": {
            "experiment": "historical",
            "var": "sbl"
        },
        "tech": {
            "percentiles": [
                99.9,
                99.5,
                99.0,
                95.0,
                90,
                75.0,
                50.0,
                25.0,
                10.0,
                5.0,
                1.0,
                0.5,
                0.1
            ],
            "summary": [
                "median",
                "max",
                "min",
                "mean absolute max",
                "mean absolute min"
            ]
        },
        "title": "aggregation across json_ranges/ImonGre/sbl"
    }
}