{
    "data": {
        "NCAR_CESM2-FV2_historical": {
            "file_summary": [
                30.415125918857605,
                31.0,
                124.0
            ],
            "percentiles": [
                100.0,
                100.0,
                100.0,
                100.0,
                100.0,
                100.0,
                100.0,
                100.0,
                99.93243408203125,
                39.54344139099122,
                0.0,
                0.0,
                0.0
            ],
            "summary": [
                100.0,
                0.0,
                0.0,
                97.82455961634905,
                90.06825162988967
            ]
        },
        "NCAR_CESM2-WACCM-FV2_historical": {
            "file_summary": [
                30.415125918857605,
                31.0,
                124.0
            ],
            "percentiles": [
                100.0,
                100.0,
                100.0,
                100.0,
                100.0,
                100.0,
                100.0,
                100.0,
                99.90004348754883,
                32.04037876129152,
                0.0,
                0.0,
                0.0
            ],
            "summary": [
                100.0,
                0.0,
                0.0,
                97.5996740220662,
                89.86601993480441
            ]
        },
        "NCAR_CESM2-WACCM_historical": {
            "file_summary": [
                30.416377168603592,
                31.0,
                31.0
            ],
            "percentiles": [
                100.0,
                100.0,
                100.0,
                100.0,
                100.0,
                100.0,
                100.0,
                100.0,
                99.99999237060547,
                97.60244522094726,
                0.005030502022709707,
                0.0,
                0.0
            ],
            "summary": [
                100.0,
                0.0,
                0.0,
                98.76577185986898,
                92.85658466248933
            ]
        },
        "NCAR_CESM2_historical": {
            "file_summary": [
                30.415125918857562,
                31.0,
                124.0
            ],
            "percentiles": [
                100.0,
                100.0,
                100.0,
                100.0,
                100.0,
                100.0,
                100.0,
                100.0,
                100.0,
                96.17606830596924,
                0.002703911294229336,
                0.0,
                0.0
            ],
            "summary": [
                100.0,
                0.0,
                0.0,
                98.7345752634577,
                93.30178367986329
            ]
        }
    },
    "info": {
        "drs": {
            "experiment": "historical",
            "var": "snc"
        },
        "tech": {
            "percentiles": [
                99.9,
                99.5,
                99.0,
                95.0,
                90,
                75.0,
                50.0,
                25.0,
                10.0,
                5.0,
                1.0,
                0.5,
                0.1
            ],
            "summary": [
                "median",
                "max",
                "min",
                "mean absolute max",
                "mean absolute min"
            ]
        },
        "title": "aggregation across json_ranges/ImonGre/snc"
    }
}