{
    "data": {
        "NCAR_CESM2-FV2_historical": {
            "file_summary": [
                30.415125918857605,
                31.0,
                124.0
            ],
            "percentiles": [
                7.43074321289902e-05,
                4.928084282255445e-05,
                3.504157013594519e-05,
                5.255260248304691e-06,
                3.839557862761471e-07,
                0.0,
                0.0,
                0.0,
                0.0,
                0.0,
                0.0,
                0.0,
                0.0
            ],
            "summary": [
                0.0,
                0.0,
                0.0,
                7.5327635087902355e-06,
                1.1714844935953826e-07
            ]
        },
        "NCAR_CESM2-WACCM-FV2_historical": {
            "file_summary": [
                30.415125918857605,
                31.0,
                124.0
            ],
            "percentiles": [
                7.706856052027648e-05,
                5.179594443689e-05,
                3.66090233364957e-05,
                5.707914147023983e-06,
                4.980092995765519e-07,
                0.0,
                0.0,
                0.0,
                0.0,
                0.0,
                0.0,
                0.0,
                0.0
            ],
            "summary": [
                0.0,
                0.0,
                0.0,
                7.817180268653298e-06,
                1.1368506434378228e-07
            ]
        },
        "NCAR_CESM2-WACCM_historical": {
            "file_summary": [
                30.416377168603592,
                31.0,
                31.0
            ],
            "percentiles": [
                7.159562833659129e-05,
                4.1517306108289564e-05,
                2.8216991504450553e-05,
                2.0511088166585964e-06,
                5.492690768882477e-09,
                0.0,
                0.0,
                0.0,
                0.0,
                0.0,
                0.0,
                0.0,
                0.0
            ],
            "summary": [
                0.0,
                0.0,
                0.0,
                7.921785786769153e-06,
                1.1069572698330224e-07
            ]
        },
        "NCAR_CESM2_historical": {
            "file_summary": [
                30.415125918857562,
                31.0,
                124.0
            ],
            "percentiles": [
                7.333546375594137e-05,
                4.2710177185653976e-05,
                3.013882012965041e-05,
                2.3435737489307918e-06,
                1.603857917586998e-08,
                0.0,
                0.0,
                0.0,
                0.0,
                0.0,
                0.0,
                0.0,
                0.0
            ],
            "summary": [
                0.0,
                0.0,
                0.0,
                8.878499965523763e-06,
                1.5146037888888517e-07
            ]
        }
    },
    "info": {
        "drs": {
            "experiment": "historical",
            "var": "snm"
        },
        "tech": {
            "percentiles": [
                99.9,
                99.5,
                99.0,
                95.0,
                90,
                75.0,
                50.0,
                25.0,
                10.0,
                5.0,
                1.0,
                0.5,
                0.1
            ],
            "summary": [
                "median",
                "max",
                "min",
                "mean absolute max",
                "mean absolute min"
            ]
        },
        "title": "aggregation across json_ranges/ImonGre/snm"
    }
}