{
    "data": {
        "NCAR_CESM2-FV2_historical": {
            "file_summary": [
                30.415125918857605,
                31.0,
                124.0
            ],
            "percentiles": [
                9.999999616903162e+35,
                9.999999616903162e+35,
                9.999999616903162e+35,
                9.999999616903162e+35,
                9.999999616903162e+35,
                9.999999616903162e+35,
                9.999999616903162e+35,
                9.999999616903162e+35,
                248.67851715087892,
                226.73295822143552,
                218.4934423828125,
                216.0805504989624,
                0.0
            ],
            "summary": [
                9.999999616903162e+35,
                0.0,
                0.0,
                NaN,
                NaN
            ]
        },
        "NCAR_CESM2-WACCM-FV2_historical": {
            "file_summary": [
                30.415125918857605,
                31.0,
                124.0
            ],
            "percentiles": [
                9.999999616903162e+35,
                9.999999616903162e+35,
                9.999999616903162e+35,
                9.999999616903162e+35,
                9.999999616903162e+35,
                9.999999616903162e+35,
                9.999999616903162e+35,
                9.999999616903162e+35,
                248.96500930786132,
                226.93779449462892,
                218.60831092834474,
                216.0774899291992,
                0.0
            ],
            "summary": [
                9.999999616903162e+35,
                0.0,
                0.0,
                NaN,
                NaN
            ]
        },
        "NCAR_CESM2-WACCM_historical": {
            "file_summary": [
                30.416377168603592,
                31.0,
                31.0
            ],
            "percentiles": [
                9.999999616903162e+35,
                9.999999616903162e+35,
                9.999999616903162e+35,
                9.999999616903162e+35,
                9.999999616903162e+35,
                9.999999616903162e+35,
                9.999999616903162e+35,
                9.999999616903162e+35,
                252.17871475219727,
                228.77463912963867,
                220.42689819335936,
                219.11602840423583,
                0.0
            ],
            "summary": [
                9.999999616903162e+35,
                0.0,
                0.0,
                NaN,
                NaN
            ]
        },
        "NCAR_CESM2_historical": {
            "file_summary": [
                30.41570151641612,
                31.0,
                62.0
            ],
            "percentiles": [
                9.999999616903162e+35,
                9.999999616903162e+35,
                9.999999616903162e+35,
                9.999999616903162e+35,
                9.999999616903162e+35,
                9.999999616903162e+35,
                9.999999616903162e+35,
                9.999999616903162e+35,
                252.38602828979492,
                229.1795997619629,
                220.90516471862793,
                219.51451816558838,
                0.0
            ],
            "summary": [
                9.999999616903162e+35,
                0.0,
                0.0,
                NaN,
                NaN
            ]
        }
    },
    "info": {
        "drs": {
            "experiment": "historical",
            "var": "tsn"
        },
        "tech": {
            "percentiles": [
                99.9,
                99.5,
                99.0,
                95.0,
                90,
                75.0,
                50.0,
                25.0,
                10.0,
                5.0,
                1.0,
                0.5,
                0.1
            ],
            "summary": [
                "median",
                "max",
                "min",
                "mean absolute max",
                "mean absolute min"
            ]
        },
        "title": "aggregation across json_ranges/ImonGre/tsn"
    }
}