{
    "data": {
        "BCC_BCC-CSM2-MR_historical": {
            "file_summary": [
                30.416371905002528,
                31.0,
                31.0
            ],
            "percentiles": [
                370.51400979614334,
                353.8694627380371,
                347.1729090881348,
                337.8952919006348,
                333.438948059082,
                312.00770568847656,
                263.30606842041016,
                111.37163066864014,
                5.8429029405121575,
                0.010989372350744325,
                0.0,
                0.0,
                0.0
            ],
            "summary": [
                263.3060760498047,
                485.3926696777344,
                0.0,
                244.96249389648438,
                193.47047424316406
            ]
        },
        "BCC_BCC-ESM1_historical": {
            "file_summary": [
                30.416371905002528,
                31.0,
                31.0
            ],
            "percentiles": [
                365.47766990661637,
                352.8844362640381,
                346.9371109008789,
                337.032788848877,
                332.2284423828125,
                312.15697860717773,
                262.3537368774414,
                115.12705421447754,
                6.682322847843171,
                0.06293977163732052,
                0.0,
                0.0,
                0.0
            ],
            "summary": [
                262.35374450683594,
                484.9315185546875,
                0.0,
                244.06137084960938,
                193.92474365234375
            ]
        },
        "CCCma_CanESM5_historical": {
            "file_summary": [
                30.416371905002528,
                31.0,
                31.0
            ],
            "percentiles": [
                372.53737014770525,
                352.48551750183105,
                349.36543899536133,
                340.23539581298826,
                334.55579376220703,
                315.3953742980957,
                266.3621597290039,
                115.56718635559082,
                6.956895989179611,
                0.07883996739983559,
                0.0,
                0.0,
                0.0
            ],
            "summary": [
                266.3621520996094,
                478.6767578125,
                0.0,
                248.10910034179688,
                195.51791381835938
            ]
        },
        "CNRM-CERFACS_CNRM-CM6-1_historical": {
            "file_summary": [
                30.436584133400707,
                31.0,
                31.0
            ],
            "percentiles": [
                380.2955591278086,
                362.1619028472901,
                356.2478042602538,
                343.5958335876465,
                338.86146240234376,
                323.45326232910156,
                268.9997787475586,
                117.07429313659668,
                6.415381842851639,
                0.014876235183328415,
                0.0,
                0.0,
                0.0
            ],
            "summary": [
                268.9997863769531,
                484.4200134277344,
                0.0,
                250.51661682128906,
                199.62173461914062
            ]
        },
        "CNRM-CERFACS_CNRM-ESM2-1_historical": {
            "file_summary": [
                30.436584133400707,
                31.0,
                31.0
            ],
            "percentiles": [
                380.8073234710703,
                361.52812179565444,
                355.9450355529785,
                343.24821395874017,
                338.66477966308594,
                321.71850204467773,
                269.12789154052734,
                116.49610900878906,
                6.355163615942002,
                0.0149130519013852,
                0.0,
                0.0,
                0.0
            ],
            "summary": [
                269.1278991699219,
                487.3809814453125,
                0.0,
                249.39453125,
                199.57559204101562
            ]
        },
        "CSIRO-ARCCSS_ACCESS-CM2_historical": {
            "file_summary": [
                30.436584133400707,
                31.0,
                31.0
            ],
            "percentiles": [
                371.1543997344976,
                358.482935333252,
                352.27871566772455,
                337.2037208557129,
                331.65297088623043,
                311.4319953918457,
                261.91910552978516,
                111.0221471786499,
                5.693291124701501,
                0.008988399943336844,
                0.0,
                0.0,
                0.0
            ],
            "summary": [
                261.9190979003906,
                479.4897766113281,
                0.0,
                245.50750732421875,
                193.0439453125
            ]
        },
        "CSIRO_ACCESS-ESM1-5_historical": {
            "file_summary": [
                30.436584133400707,
                31.0,
                31.0
            ],
            "percentiles": [
                373.78935896301437,
                359.75850021362305,
                352.5765490722656,
                340.9806732177734,
                334.8455352783203,
                316.3025016784668,
                264.8798370361328,
                111.64148235321045,
                4.881913030147554,
                0.0003844548511551693,
                0.0,
                0.0,
                0.0
            ],
            "summary": [
                264.8798522949219,
                486.1416015625,
                0.0,
                248.67799377441406,
                194.7954559326172
            ]
        },
        "IPSL_IPSL-CM6A-LR_historical": {
            "file_summary": [
                30.436584133400707,
                31.0,
                31.0
            ],
            "percentiles": [
                376.4767174835255,
                355.85317039489735,
                349.8836706542969,
                341.6344192504883,
                337.50663604736326,
                317.31086349487305,
                267.0755920410156,
                109.3955659866333,
                5.137626761198042,
                0.003108103934209765,
                0.0,
                0.0,
                0.0
            ],
            "summary": [
                267.0755920410156,
                486.0206604003906,
                0.0,
                249.1814727783203,
                193.9498291015625
            ]
        },
        "MIROC_MIROC6_historical": {
            "file_summary": [
                30.436326913420576,
                31.0,
                62.0
            ],
            "percentiles": [
                379.0107649383548,
                359.58979377746584,
                354.9495037841797,
                344.1591339111328,
                339.12854919433596,
                320.1669006347656,
                265.3198547363281,
                114.4436845779419,
                5.4373995661735535,
                0.008440895937383175,
                0.0,
                0.0,
                0.0
            ],
            "summary": [
                266.92382049560547,
                484.24310302734375,
                0.0,
                248.79119873046875,
                198.44650268554688
            ]
        },
        "MOHC_HadGEM3-GC31-LL_historical": {
            "file_summary": [
                30.0,
                30.0,
                60.0
            ],