{
    "data": {
        "BCC_BCC-CSM2-MR_historical": {
            "file_summary": [
                30.416371905002528,
                31.0,
                31.0
            ],
            "percentiles": [
                244.58801058197034,
                239.1039310836791,
                231.34497055053714,
                180.79731063842772,
                134.49953155517392,
                37.415069580078125,
                14.143617630004883,
                12.11075210571289,
                2.958867171406746,
                0.008318638079802092,
                0.0,
                0.0,
                0.0
            ],
            "summary": [
                14.143617630004883,
                5.296790599822998,
                5.296790599822998,
                57.20737838745117,
                24.254066467285156
            ]
        },
        "BCC_BCC-ESM1_historical": {
            "file_summary": [
                30.416371905002528,
                31.0,
                31.0
            ],
            "percentiles": [
                240.99704721832305,
                237.448183631897,
                229.34115699768068,
                179.68157386779785,
                131.97444152832034,
                36.04933547973633,
                15.044897317886353,
                12.15420150756836,
                3.350328254699707,
                0.04862387292087078,
                0.0,
                0.0,
                0.0
            ],
            "summary": [
                15.044897079467773,
                6.626255035400391,
                6.626255035400391,
                58.162147521972656,
                24.247669219970703
            ]
        },
        "CNRM-CERFACS_CNRM-CM6-1_historical": {
            "file_summary": [
                30.436584133400707,
                31.0,
                31.0
            ],
            "percentiles": [
                298.5310013885507,
                249.93602386474618,
                243.5544010925293,
                221.62948799133298,
                145.1953758239746,
                41.66999053955078,
                16.033973693847656,
                13.37689471244812,
                4.716179621219638,
                0.012344855722039944,
                0.0,
                0.0,
                0.0
            ],
            "summary": [
                16.033973693847656,
                10.663446426391602,
                10.663446426391602,
                66.16703796386719,
                28.360702514648438
            ]
        },
        "CNRM-CERFACS_CNRM-ESM2-1_historical": {
            "file_summary": [
                30.436584133400707,
                31.0,
                31.0
            ],
            "percentiles": [
                296.21614228820914,
                247.2059128189087,
                239.29320266723627,
                216.3064956665039,
                142.50370712280272,
                39.93567895889282,
                15.995937824249268,
                13.392810583114624,
                4.294642788171768,
                0.012089706398546713,
                0.0,
                0.0,
                0.0
            ],
            "summary": [
                15.99593734741211,
                10.571831703186035,
                10.571831703186035,
                63.20241928100586,
                27.439186096191406
            ]
        },
        "CSIRO-ARCCSS_ACCESS-CM2_historical": {
            "file_summary": [
                30.436584133400707,
                31.0,
                31.0
            ],
            "percentiles": [
                236.4028720550555,
                229.76514293670652,
                214.65187995910622,
                180.01370964050292,
                135.0238273620605,
                39.243228912353516,
                15.612683057785034,
                12.839166045188904,
                3.5545345753431365,
                0.0067226105835288775,
                0.0,
                0.0,
                0.0
            ],
            "summary": [
                15.612683296203613,
                8.48056697845459,
                8.48056697845459,
                60.38452911376953,
                26.943435668945312
            ]
        },
        "CSIRO_ACCESS-ESM1-5_historical": {
            "file_summary": [
                30.436584133400707,
                31.0,
                31.0
            ],
            "percentiles": [
                253.53549566650412,
                248.02097034454346,
                239.72941230773927,
                205.02366218566897,
                142.42970962524421,
                38.82070779800415,
                17.53093719482422,
                14.485466599464417,
                3.5281311616301534,
                0.00031525295926257966,
                0.0,
                0.0,
                0.0
            ],
            "summary": [
                17.53093719482422,
                9.804149627685547,
                9.804149627685547,
                66.18993377685547,
                28.59349822998047
            ]
        },
        "IPSL_IPSL-CM6A-LR_historical": {
            "file_summary": [
                30.436584133400707,
                31.0,
                31.0
            ],
            "percentiles": [
                260.88888339996623,
                246.35650165557857,
                239.30479904174808,
                196.21464118957522,
                142.89614257812522,
                38.81895303726196,
                16.326941967010498,
                13.862571954727173,
                3.378432527184486,
                0.0022624897421337454,
                0.0,
                0.0,
                0.0
            ],
            "summary": [
                16.326942443847656,
                10.326102256774902,
                10.326102256774902,
                66.93284606933594,
                27.33930015563965
            ]
        },
        "MIROC_MIROC6_historical": {
            "file_summary": [
                30.436326913420576,
                31.0,
                62.0
            ],
            "percentiles": [
                276.16957254028443,
                231.94736225128182,
                228.2021626281738,
                212.06963233947752,
                130.21704940795894,
                33.91991138458252,
                16.853654861450195,
                14.131789684295654,
                2.3595078051090277,
                0.006195724010467529,
                0.0,
                0.0,
                0.0
            ],
            "summary": [
                16.912177085876465,
                8.269405364990234,
                7.9716877937316895,
                53.42437744140625,
                25.838226318359375
            ]
        },
        "MOHC_HadGEM3-GC31-LL_historical": {
            "file_summary": [
                30.0,
                30.0,
                60.0
            ],
            "percentiles": [
                242.06441456604017,
                225.87816310882562,
                212.9658013916013,
                188.88779678344721,
                137.09900436401364,
                46.57415437698364,
                15.666537284851074,
                12.94356369972229,
                3.348219907283784,
                0.005343376495875419,
                0.0,
                0.0,
                0.0
            ],
            "summary": [
                15.616071701049805,
                7.905822277069092,
                7.588588714599609,
                63.71456527709961,
                28.942306518554688
            ]
        },
        "MOHC_HadGEM3-GC31-MM_historical": {
            "file_summary": [
                30.0,
                30.0,
                300.0
            ],