{
    "data": {
        "CCCma_CanESM5_historical": {
            "file_summary": [
                30.416371905002528,
                31.0,
                31.0
            ],
            "percentiles": [
                4.765036612298043e-06,
                3.387800364862416e-06,
                2.907257680817567e-06,
                1.3644486983821479e-06,
                4.751882372033851e-07,
                7.02542467221636e-16,
                7.02542467221636e-16,
                7.02542467221636e-16,
                -1.7820586065836415e-11,
                -6.905069440676926e-08,
                -4.0048620491006655e-07,
                -5.702009990216084e-07,
                -1.0126464196389407e-06
            ],
            "summary": [
                7.02542467221636e-16,
                -6.737341209372971e-07,
                -6.737341209372971e-07,
                3.491223594664916e-07,
                2.6365503558167802e-08
            ]
        },
        "CNRM-CERFACS_CNRM-CM6-1_historical": {
            "file_summary": [
                30.436584133400707,
                31.0,
                31.0
            ],
            "percentiles": [
                4.746830826206879e-06,
                3.131711727633047e-06,
                2.523741842423985e-06,
                1.0992941724907711e-06,
                5.441375179771057e-07,
                3.1935513344905075e-08,
                0.0,
                0.0,
                -1.2298664387247457e-11,
                -3.886857955492928e-08,
                -2.460138404103418e-07,
                -3.524050286074498e-07,
                -6.379684123203333e-07
            ],
            "summary": [
                0.0,
                -5.103931925987126e-07,
                -5.103931925987126e-07,
                3.1660644594921905e-07,
                8.312584753866759e-08
            ]
        },
        "CNRM-CERFACS_CNRM-ESM2-1_historical": {
            "file_summary": [
                30.436584133400707,
                31.0,
                31.0
            ],
            "percentiles": [
                4.749186186700353e-06,
                3.172902995629557e-06,
                2.5469892830187666e-06,
                1.0870612527469325e-06,
                5.326051564225053e-07,
                2.2554735190638553e-08,
                0.0,
                0.0,
                -9.380031864084089e-12,
                -4.3456999065938365e-08,
                -2.6782970138583554e-07,
                -3.795580420273836e-07,
                -6.855208420972759e-07
            ],
            "summary": [
                0.0,
                -6.516150961033418e-07,
                -6.516150961033418e-07,
                3.457718094068696e-07,
                7.411543379021168e-08
            ]
        },
        "CSIRO-ARCCSS_ACCESS-CM2_historical": {
            "file_summary": [
                30.436584133400707,
                31.0,
                31.0
            ],
            "percentiles": [
                6.449720473483579e-06,
                4.999939417302807e-06,
                4.369586895336397e-06,
                2.5866971043342335e-06,
                1.260707466599342e-06,
                6.9350806763956996e-09,
                0.0,
                0.0,
                -4.265322317564804e-09,
                -1.0356367141639564e-07,
                -3.5323567871614613e-07,
                -4.777017053925192e-07,
                -7.462387034138374e-07
            ],
            "summary": [
                0.0,
                -3.3441085633967305e-07,
                -3.3441085633967305e-07,
                6.424070875254984e-07,
                1.787618941762048e-07
            ]
        },
        "CSIRO_ACCESS-ESM1-5_historical": {
            "file_summary": [
                30.436584133400707,
                31.0,
                31.0
            ],
            "percentiles": [
                3.105065834347638e-06,
                2.2576021569875595e-06,
                1.8583362987101285e-06,
                6.693773499932827e-07,
                7.193159801133251e-09,
                0.0,
                0.0,
                0.0,
                0.0,
                -7.266827282137455e-08,
                -3.056310528393169e-07,
                -4.13507066667762e-07,
                -6.541666077168884e-07
            ],
            "summary": [
                0.0,
                -2.538279204600258e-07,
                -2.538279204600258e-07,
                3.7778622186124267e-07,
                3.4917366775744085e-08
            ]
        },
        "EC-Earth-Consortium_EC-Earth3_historical": {
            "file_summary": [
                30.385500575374,
                31.0,
                4898.0
            ],
            "percentiles": [
                1.122543956626068e-06,
                7.28948372596961e-07,
                5.263389920173712e-07,
                1.9388463030622912e-07,
                1.7309302602353404e-09,
                6.0850300492854e-12,
                6.0850300492854e-12,
                6.0850300492854e-12,
                -1.3644968106518717e-07,
                -8.070650920899425e-07,
                -2.9289200540461025e-06,
                -4.51236495109697e-06,
                -7.217763597964221e-06
            ],
            "summary": [
                6.05641589396938e-12,
                -5.301282271830132e-06,
                -1.0540055882302113e-05,
                3.7483138726202014e-07,
                8.005489604556715e-08
            ]
        },
        "INM_INM-CM4-8_historical": {
            "file_summary": [
                30.415093597574366,
                31.0,
                93.0
            ],
            "percentiles": [
                1.1040060961022411e-05,
                8.033348401568245e-06,
                5.971799123472006e-06,
                2.240619733129278e-06,
                5.735162403652838e-07,
                0.0,
                0.0,
                0.0,
                0.0,
                -4.1367006797798917e-08,
                -3.594022660990959e-07,
                -5.942602962250021e-07,
                -1.606130613424739e-06
            ],
            "summary": [
                0.0,
                -2.2881727090862114e-06,
                -3.1604924970451975e-06,
                7.422027010761667e-07,
                5.965277694031101e-08
            ]
        },
        "INM_INM-CM5-0_historical": {
            "file_summary": [
                30.416048996757034,
                31.0,
                62.0
            ],
            "percentiles": [
                1.1476637685063924e-05,
                8.26470447918846e-06,
                6.159161960113086e-06,
                2.338056862072335e-06,
                6.354592500201794e-07,
                0.0,
                0.0,
                0.0,
                0.0,
                -3.490195776834071e-08,
                -3.2447068662122544e-07,
                -5.484091990126671e-07,
                -1.5125949233834036e-06
            ],
            "summary": [
                0.0,
                -2.5893755264405627e-06,
                -2.6954505756293656e-06,
                8.066529630923469e-07,
                5.532901781180044e-08
            ]
        },
        "MRI_MRI-ESM2-0_historical": {
            "file_summary": [
                30.436584133400707,
                31.0,
                31.0
            ],