{
    "data": {
        "CNRM-CERFACS_CNRM-ESM2-1_historical": {
            "file_summary": [
                30.436584133400707,
                31.0,
                31.0
            ],
            "percentiles": [
                0.5085377850830681,
                0.2998358231782906,
                0.20181983634829354,
                0.018135108146816445,
                0.003982525505125524,
                0.0008253400155808777,
                0.00017321489576715976,
                0.0,
                0.0,
                0.0,
                0.0,
                0.0,
                0.0
            ],
            "summary": [
                0.00017321489576715976,
                1.2239598035812378,
                0.0,
                0.01973963724272422,
                0.0022470084214911484
            ]
        },
        "NCAR_CESM2-FV2_historical": {
            "file_summary": [
                30.415125918857605,
                31.0,
                124.0
            ],
            "percentiles": [
                12.781165195942002,
                6.362771065235069,
                4.330086088180579,
                0.6175676926970468,
                0.09211416766047473,
                7.873864774410322e-06,
                0.0,
                0.0,
                0.0,
                0.0,
                0.0,
                0.0,
                0.0
            ],
            "summary": [
                0.0,
                204.77468872070312,
                0.0,
                0.6032645661043619,
                0.06777779715401785
            ]
        },
        "NCAR_CESM2-WACCM-FV2_historical": {
            "file_summary": [
                30.415125918857605,
                31.0,
                124.0
            ],
            "percentiles": [
                11.987688683987248,
                5.851539081334981,
                3.8420115518570075,
                0.5752605617046344,
                0.08466068394482126,
                7.39456748988232e-06,
                0.0,
                0.0,
                0.0,
                0.0,
                0.0,
                0.0,
                0.0
            ],
            "summary": [
                0.0,
                160.71847534179688,
                0.0,
                0.5250142939475996,
                0.06375866784982435
            ]
        },
        "NCAR_CESM2-WACCM_historical": {
            "file_summary": [
                30.416377168603592,
                31.0,
                31.0
            ],
            "percentiles": [
                15.168954225540356,
                6.7487990379333995,
                4.397949972152704,
                0.7378572165966024,
                0.11934013292193399,
                4.0259417346533155e-06,
                0.0,
                0.0,
                0.0,
                0.0,
                0.0,
                0.0,
                0.0
            ],
            "summary": [
                0.0,
                201.6272430419922,
                0.0,
                0.601671042457616,
                0.056773586314394185
            ]
        },
        "NCAR_CESM2_historical": {
            "file_summary": [
                30.415125918857562,
                31.0,
                124.0
            ],
            "percentiles": [
                14.795100660325634,
                6.586301655769397,
                4.298533344268792,
                0.7119837582111315,
                0.1182239286601541,
                6.378558282449376e-06,
                0.0,
                0.0,
                0.0,
                0.0,
                0.0,
                0.0,
                0.0
            ],
            "summary": [
                0.0,
                210.63104248046875,
                0.0,
                0.6428411071381815,
                0.07836107025675852
            ]
        }
    },
    "info": {
        "drs": {
            "experiment": "historical",
            "var": "burntFractionAll"
        },
        "tech": {
            "percentiles": [
                99.9,
                99.5,
                99.0,
                95.0,
                90,
                75.0,
                50.0,
                25.0,
                10.0,
                5.0,
                1.0,
                0.5,
                0.1
            ],
            "summary": [
                "median",
                "max",
                "min",
                "mean absolute max",
                "mean absolute min"
            ]
        },
        "title": "aggregation across json_ranges/Lmon/burntFractionAll"
    }
}