{
    "data": {
        "AS-RCEC_TaiESM1_historical": {
            "file_summary": [
                30.416835187057632,
                31.0,
                31.0
            ],
            "percentiles": [
                0.4254818502068528,
                0.384343644976616,
                0.34950005263090145,
                0.18051115423440933,
                0.07213054224848747,
                0.0,
                0.0,
                0.0,
                0.0,
                0.0,
                0.0,
                0.0,
                0.0
            ],
            "summary": [
                0.0,
                0.5815814733505249,
                0.0,
                0.026646947488188744,
                0.019887594506144524
            ]
        },
        "BCC_BCC-CSM2-MR_historical": {
            "file_summary": [
                30.416371905002528,
                31.0,
                31.0
            ],
            "percentiles": [
                0.4043539463877682,
                0.38339983418583845,
                0.3554990656673907,
                0.21453194022178596,
                0.149539004266262,
                0.06525066774338484,
                0.011452489299699664,
                0.0,
                0.0,
                0.0,
                0.0,
                0.0,
                0.0
            ],
            "summary": [
                0.01145248906686902,
                0.409999817609787,
                0.0,
                0.06889024195908064,
                0.04053891358393554
            ]
        },
        "BCC_BCC-ESM1_historical": {
            "file_summary": [
                30.416371905002528,
                31.0,
                31.0
            ],
            "percentiles": [
                0.40460303878784254,
                0.3880571435391903,
                0.3695654717087744,
                0.24179967641830435,
                0.17534545511007305,
                0.08642078191041946,
                0.018641148693859577,
                0.0,
                0.0,
                0.0,
                0.0,
                0.0,
                0.0
            ],
            "summary": [
                0.018641147762537003,
                0.4099999964237213,
                0.0,
                0.08169659259801539,
                0.049566348236386136
            ]
        },
        "CCCma_CanESM5_historical": {
            "file_summary": [
                30.416371905002528,
                31.0,
                31.0
            ],
            "percentiles": [
                0.41499165531993126,
                0.351815439760685,
                0.31252859771251695,
                0.17882220670580862,
                0.08350122906267649,
                0.00022780167455493938,
                0.0,
                0.0,
                0.0,
                0.0,
                0.0,
                0.0,
                0.0
            ],
            "summary": [
                0.0,
                0.6039689183235168,
                0.0,
                0.03091420792043209,
                0.020156845450401306
            ]
        },
        "CNRM-CERFACS_CNRM-ESM2-1_historical": {
            "file_summary": [
                30.436584133400707,
                31.0,
                31.0
            ],
            "percentiles": [
                0.2755431741476059,
                0.2604429677128791,
                0.24730318307876548,
                0.18626353889703737,
                0.13064878135919575,
                0.05230662412941456,
                0.013117384165525436,
                0.0,
                0.0,
                0.0,
                0.0,
                0.0,
                0.0
            ],
            "summary": [
                0.013117384165525436,
                0.30219388008117676,
                0.0,
                0.057894720920361645,
                0.03472355329987765
            ]
        }
    },
    "info": {
        "drs": {
            "experiment": "historical",
            "var": "cLeaf"
        },
        "tech": {
            "percentiles": [
                99.9,
                99.5,
                99.0,
                95.0,
                90,
                75.0,
                50.0,
                25.0,
                10.0,
                5.0,
                1.0,
                0.5,
                0.1
            ],
            "summary": [
                "median",
                "max",
                "min",
                "mean absolute max",
                "mean absolute min"
            ]
        },
        "title": "aggregation across json_ranges/Lmon/cLeaf"
    }
}