{
    "data": {
        "BCC_BCC-CSM2-MR_historical": {
            "file_summary": [
                30.416371905002528,
                31.0,
                31.0
            ],
            "percentiles": [
                19.8418794040696,
                8.878965063095084,
                5.9383467650413495,
                3.8273639678955043,
                2.8462837576866145,
                1.120724394917488,
                0.18555289134383202,
                0.0,
                0.0,
                0.0,
                0.0,
                0.0,
                0.0
            ],
            "summary": [
                0.18555288761854172,
                54.432735443115234,
                0.0,
                0.9590485556561894,
                0.8213357529307838
            ]
        },
        "BCC_BCC-ESM1_historical": {
            "file_summary": [
                30.416371905002528,
                31.0,
                31.0
            ],
            "percentiles": [
                8.361314883232213,
                6.100642144680021,
                5.062390737533562,
                3.4489218354225155,
                2.704331803321838,
                1.248606950044632,
                0.33661341667175293,
                0.0,
                0.0,
                0.0,
                0.0,
                0.0,
                0.0
            ],
            "summary": [
                0.33661341667175293,
                15.127015113830566,
                0.0,
                0.9628993961059052,
                0.8044860408194837
            ]
        },
        "IPSL_IPSL-CM6A-LR_historical": {
            "file_summary": [
                30.436584133400707,
                31.0,
                31.0
            ],
            "percentiles": [
                1.7793743323087714,
                1.5767523613572108,
                1.4768651711940768,
                1.209788635373115,
                1.0606931626796723,
                0.7902536690235138,
                0.41933438181877136,
                0.1359887383878231,
                0.005965943378396333,
                0.00011185771309101261,
                0.0,
                0.0,
                0.0
            ],
            "summary": [
                0.41933438181877136,
                2.3190975189208984,
                0.0,
                0.588207600767116,
                0.4533915281211201
            ]
        }
    },
    "info": {
        "drs": {
            "experiment": "historical",
            "var": "cLitterAbove"
        },
        "tech": {
            "percentiles": [
                99.9,
                99.5,
                99.0,
                95.0,
                90,
                75.0,
                50.0,
                25.0,
                10.0,
                5.0,
                1.0,
                0.5,
                0.1
            ],
            "summary": [
                "median",
                "max",
                "min",
                "mean absolute max",
                "mean absolute min"
            ]
        },
        "title": "aggregation across json_ranges/Lmon/cLitterAbove"
    }
}