{
    "data": {
        "BCC_BCC-CSM2-MR_historical": {
            "file_summary": [
                30.416371905002528,
                31.0,
                31.0
            ],
            "percentiles": [
                16.03396633768108,
                10.353675749301885,
                7.695494778156274,
                3.205878907442088,
                2.05615849494934,
                0.8407499045133591,
                0.09992038272321224,
                0.0,
                0.0,
                0.0,
                0.0,
                0.0,
                0.0
            ],
            "summary": [
                0.09992038086056709,
                22.109840393066406,
                0.0,
                0.7881254524536943,
                0.6480364207285182
            ]
        },
        "BCC_BCC-ESM1_historical": {
            "file_summary": [
                30.416371905002528,
                31.0,
                31.0
            ],
            "percentiles": [
                7.768905611038254,
                6.165050699710846,
                5.543464646339414,
                2.8932871222496015,
                1.9852163553237914,
                0.9018673300743103,
                0.18997104465961456,
                0.0,
                0.0,
                0.0,
                0.0,
                0.0,
                0.0
            ],
            "summary": [
                0.18997104465961456,
                9.877127647399902,
                0.0,
                0.7605232551714993,
                0.6526958373850777
            ]
        },
        "CNRM-CERFACS_CNRM-ESM2-1_historical": {
            "file_summary": [
                30.436584133400707,
                31.0,
                31.0
            ],
            "percentiles": [
                2.793775122165682,
                2.3530351912975283,
                2.229823958873748,
                1.812930971384048,
                1.5269729256629945,
                0.8837772607803345,
                0.3395046591758728,
                0.0,
                0.0,
                0.0,
                0.0,
                0.0,
                0.0
            ],
            "summary": [
                0.3395046591758728,
                3.8929336071014404,
                0.0,
                0.6329048649552753,
                0.4891780850754271
            ]
        },
        "IPSL_IPSL-CM6A-LR_historical": {
            "file_summary": [
                30.436584133400707,
                31.0,
                31.0
            ],
            "percentiles": [
                0.540016498237849,
                0.45624402351677307,
                0.42350997567176824,
                0.3416632965207099,
                0.30864266306161886,
                0.2468810509890318,
                0.1719166822731495,
                0.06746845412999392,
                0.0035226486623287216,
                4.9569026396056916e-05,
                0.0,
                0.0,
                0.0
            ],
            "summary": [
                0.1719166785478592,
                0.61989825963974,
                0.0,
                0.19006637784342853,
                0.15140787038704992
            ]
        }
    },
    "info": {
        "drs": {
            "experiment": "historical",
            "var": "cLitterBelow"
        },
        "tech": {
            "percentiles": [
                99.9,
                99.5,
                99.0,
                95.0,
                90,
                75.0,
                50.0,
                25.0,
                10.0,
                5.0,
                1.0,
                0.5,
                0.1
            ],
            "summary": [
                "median",
                "max",
                "min",
                "mean absolute max",
                "mean absolute min"
            ]
        },
        "title": "aggregation across json_ranges/Lmon/cLitterBelow"
    }
}