{
    "data": {
        "AS-RCEC_TaiESM1_historical": {
            "file_summary": [
                30.416835187057632,
                31.0,
                31.0
            ],
            "percentiles": [
                8.763143978119832,
                6.7843054175376984,
                5.166829442977906,
                0.6947029381990433,
                0.12105768546462059,
                0.0,
                0.0,
                0.0,
                0.0,
                0.0,
                0.0,
                0.0,
                0.0
            ],
            "summary": [
                0.0,
                10.661466598510742,
                0.0,
                0.18784692883491516,
                0.15729255974292755
            ]
        },
        "BCC_BCC-CSM2-MR_historical": {
            "file_summary": [
                30.416371905002528,
                31.0,
                31.0
            ],
            "percentiles": [
                2.3181884037256317,
                2.0590999853610983,
                1.9185738736391036,
                1.3609352082014081,
                1.041981166601181,
                0.4988669380545616,
                0.09547686204314232,
                0.0,
                0.0,
                0.0,
                0.0,
                0.0,
                0.0
            ],
            "summary": [
                0.09547685831785202,
                3.171452760696411,
                0.0,
                0.3941181119406317,
                0.29924886208892487
            ]
        },
        "BCC_BCC-ESM1_historical": {
            "file_summary": [
                30.416371905002528,
                31.0,
                31.0
            ],
            "percentiles": [
                2.4545541057586737,
                2.285212907791137,
                2.159201669692992,
                1.6099350333213804,
                1.2936009049415587,
                0.7047999203205109,
                0.17858359217643738,
                0.0,
                0.0,
                0.0,
                0.0,
                0.0,
                0.0
            ],
            "summary": [
                0.17858359217643738,
                3.2687559127807617,
                0.0,
                0.5141660612071252,
                0.40905889486828145
            ]
        },
        "CCCma_CanESM5_historical": {
            "file_summary": [
                30.416371905002528,
                31.0,
                31.0
            ],
            "percentiles": [
                3.2734059588909368,
                2.9269372797012334,
                2.718714134693147,
                1.6541435569524763,
                0.9669841527938845,
                0.04373167734593153,
                0.0,
                0.0,
                0.0,
                0.0,
                0.0,
                0.0,
                0.0
            ],
            "summary": [
                0.0,
                4.0775251388549805,
                0.0,
                0.257424920797348,
                0.2261326164007187
            ]
        },
        "CNRM-CERFACS_CNRM-ESM2-1_historical": {
            "file_summary": [
                30.436584133400707,
                31.0,
                31.0
            ],
            "percentiles": [
                2.4155764143467535,
                1.9625534427165938,
                1.7297887969016998,
                1.1523698091506949,
                0.8667851328849794,
                0.42566531151533127,
                0.0521241370588541,
                0.0,
                0.0,
                0.0,
                0.0,
                0.0,
                0.0
            ],
            "summary": [
                0.052124135196208954,
                3.4038660526275635,
                0.0,
                0.2866067736018953,
                0.2612027592634174
            ]
        }
    },
    "info": {
        "drs": {
            "experiment": "historical",
            "var": "cRoot"
        },
        "tech": {
            "percentiles": [
                99.9,
                99.5,
                99.0,
                95.0,
                90,
                75.0,
                50.0,
                25.0,
                10.0,
                5.0,
                1.0,
                0.5,
                0.1
            ],
            "summary": [
                "median",
                "max",
                "min",
                "mean absolute max",
                "mean absolute min"
            ]
        },
        "title": "aggregation across json_ranges/Lmon/cRoot"
    }
}