{
    "data": {
        "AS-RCEC_TaiESM1_historical": {
            "file_summary": [
                30.416835187057632,
                31.0,
                31.0
            ],
            "percentiles": [
                0.1755644312500981,
                0.14656129404902463,
                0.13327609673142435,
                0.08630035631358624,
                0.045263100415468216,
                0.0,
                0.0,
                0.0,
                0.0,
                0.0,
                0.0,
                0.0,
                0.0
            ],
            "summary": [
                0.0,
                0.3463870584964752,
                0.0,
                0.012570677325129509,
                0.010323422029614449
            ]
        },
        "BCC_BCC-CSM2-MR_historical": {
            "file_summary": [
                30.416371905002528,
                31.0,
                31.0
            ],
            "percentiles": [
                82.10379158401548,
                62.57646909713739,
                53.64440019607542,
                32.54663228988643,
                23.91790885925292,
                7.846793174743652,
                1.1462498307228088,
                0.0,
                0.0,
                0.0,
                0.0,
                0.0,
                0.0
            ],
            "summary": [
                1.146249771118164,
                106.61304473876953,
                0.0,
                7.226232428053883,
                6.626902697341565
            ]
        },
        "BCC_BCC-ESM1_historical": {
            "file_summary": [
                30.416371905002528,
                31.0,
                31.0
            ],
            "percentiles": [
                76.86215090179645,
                62.82905578613281,
                54.257153930664046,
                32.34160327911376,
                23.120378875732413,
                8.928523778915405,
                2.1815004348754883,
                0.0,
                0.0,
                0.0,
                0.0,
                0.0,
                0.0
            ],
            "summary": [
                2.1815004348754883,
                100.01559448242188,
                0.0,
                7.7215584114214995,
                7.148701600070721
            ]
        },
        "CNRM-CERFACS_CNRM-ESM2-1_historical": {
            "file_summary": [
                30.436584133400707,
                31.0,
                31.0
            ],
            "percentiles": [
                18.213186189651644,
                15.58444936275481,
                14.192380828857416,
                11.322922039031981,
                9.609235763549808,
                6.208112359046936,
                2.7534271478652954,
                0.0,
                0.0,
                0.0,
                0.0,
                0.0,
                0.0
            ],
            "summary": [
                2.753427028656006,
                24.502042770385742,
                0.0,
                4.020718676680842,
                3.5376797464990104
            ]
        }
    },
    "info": {
        "drs": {
            "experiment": "historical",
            "var": "cSoilMedium"
        },
        "tech": {
            "percentiles": [
                99.9,
                99.5,
                99.0,
                95.0,
                90,
                75.0,
                50.0,
                25.0,
                10.0,
                5.0,
                1.0,
                0.5,
                0.1
            ],
            "summary": [
                "median",
                "max",
                "min",
                "mean absolute max",
                "mean absolute min"
            ]
        },
        "title": "aggregation across json_ranges/Lmon/cSoilMedium"
    }
}