{
    "data": {
        "AS-RCEC_TaiESM1_historical": {
            "file_summary": [
                30.416835187057632,
                31.0,
                31.0
            ],
            "percentiles": [
                0.030558196101338593,
                0.01998872193507851,
                0.01539864144288004,
                0.006471957894973457,
                0.003244205843657255,
                0.0,
                0.0,
                0.0,
                0.0,
                0.0,
                0.0,
                0.0,
                0.0
            ],
            "summary": [
                0.0,
                0.08514954149723053,
                0.0,
                0.0014652431709691882,
                0.0006411000504158437
            ]
        },
        "CNRM-CERFACS_CNRM-ESM2-1_historical": {
            "file_summary": [
                30.436584133400707,
                31.0,
                31.0
            ],
            "percentiles": [
                1.1558531309366384,
                0.9673877778649329,
                0.8713857960700981,
                0.6479790776967997,
                0.5406887888908387,
                0.33368581533432007,
                0.14216598868370056,
                0.0,
                0.0,
                0.0,
                0.0,
                0.0,
                0.0
            ],
            "summary": [
                0.14216598868370056,
                1.7812583446502686,
                0.0,
                0.23379972385026396,
                0.180443174215485
            ]
        }
    },
    "info": {
        "drs": {
            "experiment": "historical",
            "var": "cSoilFast"
        },
        "tech": {
            "percentiles": [
                99.9,
                99.5,
                99.0,
                95.0,
                90,
                75.0,
                50.0,
                25.0,
                10.0,
                5.0,
                1.0,
                0.5,
                0.1
            ],
            "summary": [
                "median",
                "max",
                "min",
                "mean absolute max",
                "mean absolute min"
            ]
        },
        "title": "aggregation across json_ranges/Lmon/cSoilFast"
    }
}