{
    "data": {
        "AS-RCEC_TaiESM1_historical": {
            "file_summary": [
                30.416835187057632,
                31.0,
                31.0
            ],
            "percentiles": [
                1.7726348477602374,
                1.5071142405271536,
                1.3667427122592943,
                0.9138841927051544,
                0.4966352730989456,
                0.0,
                0.0,
                0.0,
                0.0,
                0.0,
                0.0,
                0.0,
                0.0
            ],
            "summary": [
                0.0,
                2.513228178024292,
                0.0,
                0.1266656517982483,
                0.11914096772670746
            ]
        },
        "BCC_BCC-CSM2-MR_historical": {
            "file_summary": [
                30.416371905002528,
                31.0,
                31.0
            ],
            "percentiles": [
                4.371741509914458,
                3.996975161433217,
                3.8137778270244587,
                3.31843693256378,
                2.9313214778900143,
                1.5713691413402557,
                0.32429712265729904,
                0.0,
                0.0,
                0.0,
                0.0,
                0.0,
                0.0
            ],
            "summary": [
                0.32429713010787964,
                5.365334987640381,
                0.0,
                0.9122359424431065,
                0.8940491974627514
            ]
        },
        "BCC_BCC-ESM1_historical": {
            "file_summary": [
                30.416371905002528,
                31.0,
                31.0
            ],
            "percentiles": [
                5.486398590087909,
                4.880646617412566,
                4.565651359558105,
                3.6702311277389486,
                3.192696452140808,
                1.9093526005744934,
                0.4277966022491455,
                0.0,
                0.0,
                0.0,
                0.0,
                0.0,
                0.0
            ],
            "summary": [
                0.4277966022491455,
                5.8183064460754395,
                0.0,
                1.0935928797957921,
                1.0655669863861386
            ]
        },
        "CNRM-CERFACS_CNRM-ESM2-1_historical": {
            "file_summary": [
                30.436584133400707,
                31.0,
                31.0
            ],
            "percentiles": [
                25.817804738998575,
                22.07392837524413,
                20.507285690307597,
                15.704730606079094,
                12.711320972442628,
                8.15740704536438,
                3.9346965551376343,
                0.0,
                0.0,
                0.0,
                0.0,
                0.0,
                0.0
            ],
            "summary": [
                3.934696674346924,
                34.55015182495117,
                0.0,
                5.032349787374441,
                4.991926873304495
            ]
        }
    },
    "info": {
        "drs": {
            "experiment": "historical",
            "var": "cSoilSlow"
        },
        "tech": {
            "percentiles": [
                99.9,
                99.5,
                99.0,
                95.0,
                90,
                75.0,
                50.0,
                25.0,
                10.0,
                5.0,
                1.0,
                0.5,
                0.1
            ],
            "summary": [
                "median",
                "max",
                "min",
                "mean absolute max",
                "mean absolute min"
            ]
        },
        "title": "aggregation across json_ranges/Lmon/cSoilSlow"
    }
}