{
    "data": {
        "AS-RCEC_TaiESM1_historical": {
            "file_summary": [
                30.416835187057632,
                31.0,
                31.0
            ],
            "percentiles": [
                38.894882526397836,
                30.280451965332034,
                23.17904300689709,
                3.810995399951935,
                0.9808445274829865,
                2.2558615555661994e-16,
                0.0,
                0.0,
                0.0,
                0.0,
                0.0,
                0.0,
                0.0
            ],
            "summary": [
                0.0,
                47.19681930541992,
                0.0,
                0.9211947917938232,
                0.7898246645927429
            ]
        },
        "BCC_BCC-CSM2-MR_historical": {
            "file_summary": [
                30.416371905002528,
                31.0,
                31.0
            ],
            "percentiles": [
                16.648017457962087,
                13.943129904270164,
                12.564923415184015,
                8.21228809356689,
                5.715929436683654,
                1.7490375339984894,
                0.1628660187125206,
                0.0,
                0.0,
                0.0,
                0.0,
                0.0,
                0.0
            ],
            "summary": [
                0.1628660261631012,
                21.48843002319336,
                0.0,
                1.8804356232141035,
                1.4545787317264516
            ]
        },
        "BCC_BCC-ESM1_historical": {
            "file_summary": [
                30.416371905002528,
                31.0,
                31.0
            ],
            "percentiles": [
                16.217317195892473,
                14.996672840118405,
                14.041840209960935,
                9.641185140609736,
                7.29080238342285,
                2.8390055298805237,
                0.3603042662143707,
                0.0,
                0.0,
                0.0,
                0.0,
                0.0,
                0.0
            ],
            "summary": [
                0.3603042662143707,
                21.143665313720703,
                0.0,
                2.4802317229490805,
                2.015888961943069
            ]
        },
        "CCCma_CanESM5_historical": {
            "file_summary": [
                30.416371905002528,
                31.0,
                31.0
            ],
            "percentiles": [
                18.42069572544134,
                15.826735115051271,
                14.317097554206853,
                8.087135076522827,
                4.343373322486878,
                0.07360402122139931,
                0.0,
                0.0,
                0.0,
                0.0,
                0.0,
                0.0,
                0.0
            ],
            "summary": [
                0.0,
                22.433990478515625,
                0.0,
                1.1794054508209229,
                1.0806033611297607
            ]
        },
        "CNRM-CERFACS_CNRM-ESM2-1_historical": {
            "file_summary": [
                30.436584133400707,
                31.0,
                31.0
            ],
            "percentiles": [
                23.567862798691067,
                20.12539048194885,
                18.510995826721185,
                12.557464694976785,
                8.715829372406013,
                3.7271745800971985,
                0.23340339958667755,
                0.0,
                0.0,
                0.0,
                0.0,
                0.0,
                0.0
            ],
            "summary": [
                0.23340339958667755,
                29.705730438232422,
                0.0,
                2.88732735629445,
                2.557686139013124
            ]
        }
    },
    "info": {
        "drs": {
            "experiment": "historical",
            "var": "cVeg"
        },
        "tech": {
            "percentiles": [
                99.9,
                99.5,
                99.0,
                95.0,
                90,
                75.0,
                50.0,
                25.0,
                10.0,
                5.0,
                1.0,
                0.5,
                0.1
            ],
            "summary": [
                "median",
                "max",
                "min",
                "mean absolute max",
                "mean absolute min"
            ]
        },
        "title": "aggregation across json_ranges/Lmon/cVeg"
    }
}