{
    "data": {
        "AS-RCEC_TaiESM1_historical": {
            "file_summary": [
                30.416835187057632,
                31.0,
                31.0
            ],
            "percentiles": [
                1.4199589024599496e-07,
                1.291172139872288e-07,
                1.1663946430928722e-07,
                4.4183132708042194e-08,
                1.5930823771270752e-08,
                0.0,
                0.0,
                0.0,
                0.0,
                0.0,
                0.0,
                0.0,
                0.0
            ],
            "summary": [
                0.0,
                2.1016127504935866e-07,
                0.0,
                9.137710144102584e-09,
                4.892963811897744e-09
            ]
        },
        "BCC_BCC-CSM2-MR_historical": {
            "file_summary": [
                30.416371905002528,
                31.0,
                31.0
            ],
            "percentiles": [
                1.3865574196359038e-07,
                1.1771787919556682e-07,
                1.0928818575450799e-07,
                7.310019416451032e-08,
                4.2273297040651404e-08,
                1.2271852756207124e-08,
                2.927870029756363e-10,
                0.0,
                0.0,
                0.0,
                0.0,
                0.0,
                0.0
            ],
            "summary": [
                2.927870029756363e-10,
                2.4808568355183525e-07,
                0.0,
                2.9482803969825636e-08,
                7.526937684509761e-09
            ]
        },
        "BCC_BCC-ESM1_historical": {
            "file_summary": [
                30.416371905002528,
                31.0,
                31.0
            ],
            "percentiles": [
                1.4004295746872324e-07,
                1.2375841158984711e-07,
                1.1707234151003823e-07,
                8.928829586807294e-08,
                5.954484834091999e-08,
                1.9953549923457103e-08,
                1.4520353253111296e-09,
                0.0,
                0.0,
                0.0,
                0.0,
                0.0,
                0.0
            ],
            "summary": [
                1.4520353808222808e-09,
                2.412160711173783e-07,
                0.0,
                3.629431254961535e-08,
                1.0664611891810446e-08
            ]
        },
        "CCCma_CanESM5_historical": {
            "file_summary": [
                30.416371905002528,
                31.0,
                31.0
            ],
            "percentiles": [
                1.1747394880856651e-07,
                1.0806521661521633e-07,
                1.0259955171676438e-07,
                6.480019365540102e-08,
                2.810435946187796e-08,
                2.5628150643330905e-10,
                0.0,
                0.0,
                0.0,
                0.0,
                0.0,
                0.0,
                0.0
            ],
            "summary": [
                0.0,
                1.8512476174237236e-07,
                0.0,
                1.5810693199114212e-08,
                5.911889644494295e-09
            ]
        },
        "CNRM-CERFACS_CNRM-CM6-1_historical": {
            "file_summary": [
                30.436584133400707,
                31.0,
                31.0
            ],
            "percentiles": [
                1.311382638675702e-07,
                1.1771624325973556e-07,
                1.1140064778203387e-07,
                9.003759799952603e-08,
                6.65100685637299e-08,
                1.6990597373478522e-08,
                4.726306707114603e-10,
                0.0,
                0.0,
                0.0,
                0.0,
                0.0,
                0.0
            ],
            "summary": [
                4.726306568336724e-10,
                2.0302636016822362e-07,
                0.0,
                3.5650293166665256e-08,
                1.0825661488343884e-08
            ]
        },
        "CNRM-CERFACS_CNRM-ESM2-1_historical": {
            "file_summary": [
                30.436584133400707,
                31.0,
                31.0
            ],
            "percentiles": [
                1.2037579374180134e-07,
                1.0936029067210024e-07,
                1.0280979367394128e-07,
                7.80444690207104e-08,
                5.4479203370760876e-08,
                1.2318122522003705e-08,
                7.150211811524088e-10,
                0.0,
                0.0,
                0.0,
                0.0,
                0.0,
                0.0
            ],
            "summary": [
                7.150211533968331e-10,
                1.7404288144007296e-07,
                0.0,
                2.9253199107524885e-08,
                9.655764963404377e-09
            ]
        }
    },
    "info": {
        "drs": {
            "experiment": "historical",
            "var": "gpp"
        },
        "tech": {
            "percentiles": [
                99.9,
                99.5,
                99.0,
                95.0,
                90,
                75.0,
                50.0,
                25.0,
                10.0,
                5.0,
                1.0,
                0.5,
                0.1
            ],
            "summary": [
                "median",
                "max",
                "min",
                "mean absolute max",
                "mean absolute min"
            ]
        },
        "title": "aggregation across json_ranges/Lmon/gpp"
    }
}