{
    "data": {
        "AS-RCEC_TaiESM1_historical": {
            "file_summary": [
                30.416835187057632,
                31.0,
                31.0
            ],
            "percentiles": [
                8.441677231788788,
                7.417120826244358,
                6.835329341888429,
                3.346289098262787,
                1.3672061562538147,
                0.0,
                0.0,
                0.0,
                0.0,
                0.0,
                0.0,
                0.0,
                0.0
            ],
            "summary": [
                0.0,
                16.62352180480957,
                0.0,
                0.556219220161438,
                0.3593015968799591
            ]
        },
        "BCC_BCC-CSM2-MR_historical": {
            "file_summary": [
                30.416371905002528,
                31.0,
                31.0
            ],
            "percentiles": [
                7.7506456627845965,
                7.3361738884449,
                6.786648907661425,
                4.112971925735465,
                2.850378215312957,
                1.245743215084076,
                0.21458128467202187,
                0.0,
                0.0,
                0.0,
                0.0,
                0.0,
                0.0
            ],
            "summary": [
                0.21458128839731216,
                7.945373058319092,
                0.0,
                1.3164987339269314,
                0.7726864667312991
            ]
        },
        "BCC_BCC-ESM1_historical": {
            "file_summary": [
                30.416371905002528,
                31.0,
                31.0
            ],
            "percentiles": [
                7.7563469858169665,
                7.418655111789699,
                7.070588259696959,
                4.619261980056758,
                3.347848272323607,
                1.6529372036457062,
                0.35403570532798767,
                0.0,
                0.0,
                0.0,
                0.0,
                0.0,
                0.0
            ],
            "summary": [
                0.35403570532798767,
                7.87104606628418,
                0.0,
                1.5609163664692363,
                0.9453072511492221
            ]
        },
        "CCCma_CanESM5_historical": {
            "file_summary": [
                30.416371905002528,
                31.0,
                31.0
            ],
            "percentiles": [
                6.773503613233604,
                6.022644077539446,
                5.469054126739504,
                2.9548055112361906,
                1.388481694459917,
                0.004558607470244169,
                0.0,
                0.0,
                0.0,
                0.0,
                0.0,
                0.0,
                0.0
            ],
            "summary": [
                0.0,
                8.645029067993164,
                0.0,
                0.5644979476928711,
                0.34246182441711426
            ]
        },
        "CNRM-CERFACS_CNRM-CM6-1_historical": {
            "file_summary": [
                30.436584133400707,
                31.0,
                31.0
            ],
            "percentiles": [
                6.0,
                5.982776641845703,
                5.929143881797789,
                4.265533971786494,
                3.0847264051437384,
                1.8573943972587585,
                0.4798522889614105,
                0.0,
                0.0,
                0.0,
                0.0,
                0.0,
                0.0
            ],
            "summary": [
                0.4798522889614105,
                6.0041913986206055,
                0.0,
                1.5808157558288731,
                0.8774732327791627
            ]
        },
        "CNRM-CERFACS_CNRM-ESM2-1_historical": {
            "file_summary": [
                30.436584133400707,
                31.0,
                31.0
            ],
            "percentiles": [
                5.718754489898683,
                5.398501887321471,
                5.120173611640929,
                3.776092267036435,
                2.6916109800338752,
                1.0191445350646973,
                0.3013460785150528,
                0.0,
                0.0,
                0.0,
                0.0,
                0.0,
                0.0
            ],
            "summary": [
                0.3013460636138916,
                7.432025909423828,
                0.0,
                1.3152592061368136,
                0.6889799157058802
            ]
        }
    },
    "info": {
        "drs": {
            "experiment": "historical",
            "var": "lai"
        },
        "tech": {
            "percentiles": [
                99.9,
                99.5,
                99.0,
                95.0,
                90,
                75.0,
                50.0,
                25.0,
                10.0,
                5.0,
                1.0,
                0.5,
                0.1
            ],
            "summary": [
                "median",
                "max",
                "min",
                "mean absolute max",
                "mean absolute min"
            ]
        },
        "title": "aggregation across json_ranges/Lmon/lai"
    }
}