{
    "data": {
        "AS-RCEC_TaiESM1_historical": {
            "file_summary": [
                30.416835187057632,
                31.0,
                31.0
            ],
            "percentiles": [
                4.641729776268059e-05,
                2.6443710612511594e-05,
                1.919094793265694e-05,
                5.892253852834983e-06,
                2.5016161089297384e-06,
                0.0,
                0.0,
                0.0,
                0.0,
                0.0,
                0.0,
                0.0,
                0.0
            ],
            "summary": [
                0.0,
                0.0006564867217093706,
                0.0,
                2.251336127301329e-06,
                6.933341296644357e-07
            ]
        },
        "BCC_BCC-CSM2-MR_historical": {
            "file_summary": [
                30.416371905002528,
                31.0,
                31.0
            ],
            "percentiles": [
                0.0001517050232650988,
                9.782744515177906e-05,
                7.573278657218896e-05,
                2.6778736310006903e-05,
                1.2114455739720128e-05,
                2.5115161292887933e-06,
                7.013777825193301e-08,
                0.0,
                0.0,
                0.0,
                0.0,
                0.0,
                0.0
            ],
            "summary": [
                7.013778002828985e-08,
                0.0007278375560417771,
                0.0,
                1.0289942193899924e-05,
                3.21120023727417e-06
            ]
        },
        "BCC_BCC-ESM1_historical": {
            "file_summary": [
                30.416371905002528,
                31.0,
                31.0
            ],
            "percentiles": [
                0.00013465369540790646,
                9.23319064895622e-05,
                7.364191966189514e-05,
                2.9009724676143366e-05,
                1.2839590817748099e-05,
                2.9337309115362586e-06,
                9.949942025855307e-08,
                0.0,
                0.0,
                0.0,
                0.0,
                0.0,
                0.0
            ],
            "summary": [
                9.94994167058394e-08,
                0.000671147950924933,
                0.0,
                9.938681437574654e-06,
                3.7292642927237245e-06
            ]
        }
    },
    "info": {
        "drs": {
            "experiment": "historical",
            "var": "mrros"
        },
        "tech": {
            "percentiles": [
                99.9,
                99.5,
                99.0,
                95.0,
                90,
                75.0,
                50.0,
                25.0,
                10.0,
                5.0,
                1.0,
                0.5,
                0.1
            ],
            "summary": [
                "median",
                "max",
                "min",
                "mean absolute max",
                "mean absolute min"
            ]
        },
        "title": "aggregation across json_ranges/Lmon/mrros"
    }
}