{
    "data": {
        "AS-RCEC_TaiESM1_historical": {
            "file_summary": [
                30.416835187057632,
                31.0,
                31.0
            ],
            "percentiles": [
                0.0001668861364305533,
                8.224909379350777e-05,
                5.352041625883437e-05,
                1.4210263998393202e-05,
                7.321696557482937e-06,
                1.2629015202492155e-06,
                0.0,
                0.0,
                0.0,
                0.0,
                0.0,
                -1.8181972339301017e-18,
                -7.709622202582976e-06
            ],
            "summary": [
                0.0,
                0.0018883129814639688,
                -5.3019663027953357e-05,
                5.335820333129959e-06,
                2.121951865774463e-06
            ]
        },
        "BCC_BCC-CSM2-MR_historical": {
            "file_summary": [
                30.416371905002528,
                31.0,
                31.0
            ],
            "percentiles": [
                0.00024045599841338207,
                0.0001587773309802273,
                0.0001227750231191748,
                4.5356382543104606e-05,
                2.3811266783013696e-05,
                8.419103323831223e-06,
                2.1116868538229028e-06,
                1.347172027266197e-07,
                -1.7675804198091767e-08,
                -1.1958258653521624e-06,
                -1.2007891832581663e-05,
                -1.9465091963866143e-05,
                -4.3105527101943156e-05
            ],
            "summary": [
                2.1116868538229028e-06,
                0.0010229460895061493,
                -4.178160088486038e-05,
                1.7884743494675565e-05,
                7.431460304009159e-06
            ]
        },
        "BCC_BCC-ESM1_historical": {
            "file_summary": [
                30.416371905002528,
                31.0,
                31.0
            ],
            "percentiles": [
                0.00024874300809461466,
                0.00017191231068863934,
                0.00013581305829575254,
                5.1996486763528e-05,
                2.4841370213835026e-05,
                8.749558446652372e-06,
                2.1499897684407188e-06,
                7.907584098632015e-08,
                -2.7294411779621416e-07,
                -2.6720176606431776e-06,
                -1.2829307861466077e-05,
                -1.7945491499631317e-05,
                -3.406276633177186e-05
            ],
            "summary": [
                2.1499897684407188e-06,
                0.0012164943618699908,
                -2.3033664547256194e-05,
                1.7938439377295076e-05,
                8.536882624767794e-06
            ]
        }
    },
    "info": {
        "drs": {
            "experiment": "historical",
            "var": "mrro"
        },
        "tech": {
            "percentiles": [
                99.9,
                99.5,
                99.0,
                95.0,
                90,
                75.0,
                50.0,
                25.0,
                10.0,
                5.0,
                1.0,
                0.5,
                0.1
            ],
            "summary": [
                "median",
                "max",
                "min",
                "mean absolute max",
                "mean absolute min"
            ]
        },
        "title": "aggregation across json_ranges/Lmon/mrro"
    }
}