{
    "data": {
        "AS-RCEC_TaiESM1_historical": {
            "file_summary": [
                30.416835187057632,
                31.0,
                31.0
            ],
            "percentiles": [
                42.9244356346134,
                39.238776206970215,
                37.29166049957276,
                30.665132522583008,
                25.59030818939209,
                8.220197916030884,
                0.0,
                0.0,
                0.0,
                0.0,
                0.0,
                0.0,
                0.0
            ],
            "summary": [
                0.0,
                55.697906494140625,
                0.0,
                6.204070568084717,
                5.35766077041626
            ]
        },
        "BCC_BCC-CSM2-MR_historical": {
            "file_summary": [
                30.416371905002528,
                31.0,
                31.0
            ],
            "percentiles": [
                44.37528991699219,
                40.692142486572266,
                40.692142486572266,
                40.692142486572266,
                40.692142486572266,
                40.692142486572266,
                22.8366756439209,
                14.954623460769653,
                8.517514991760255,
                6.086979055404663,
                2.6155002188682555,
                1.6062586766481401,
                0.47974016472697256
            ],
            "summary": [
                22.8366756439209,
                45.00901412963867,
                0.6062617301940918,
                26.049435415921973,
                22.636813498953174
            ]
        },
        "BCC_BCC-ESM1_historical": {
            "file_summary": [
                30.416371905002528,
                31.0,
                31.0
            ],
            "percentiles": [
                43.01326172256483,
                40.692142486572266,
                40.692142486572266,
                40.692142486572266,
                40.692142486572266,
                40.037553787231445,
                22.797751426696777,
                14.972631216049194,
                8.216441345214843,
                6.047835206985474,
                2.6480364108085634,
                1.6442633777856828,
                0.5661516584157944
            ],
            "summary": [
                22.797752380371094,
                44.83527374267578,
                1.37532639503479,
                25.633053394625176,
                22.3396282708628
            ]
        }
    },
    "info": {
        "drs": {
            "experiment": "historical",
            "var": "mrsos"
        },
        "tech": {
            "percentiles": [
                99.9,
                99.5,
                99.0,
                95.0,
                90,
                75.0,
                50.0,
                25.0,
                10.0,
                5.0,
                1.0,
                0.5,
                0.1
            ],
            "summary": [
                "median",
                "max",
                "min",
                "mean absolute max",
                "mean absolute min"
            ]
        },
        "title": "aggregation across json_ranges/Lmon/mrsos"
    }
}