{
    "data": {
        "AS-RCEC_TaiESM1_historical": {
            "file_summary": [
                30.416835187057632,
                31.0,
                31.0
            ],
            "percentiles": [
                1598.9286621093834,
                1535.7785186767578,
                1491.1673828125001,
                1309.369384765625,
                1147.7777099609375,
                66.56814956665039,
                0.0,
                0.0,
                0.0,
                0.0,
                0.0,
                0.0,
                0.0
            ],
            "summary": [
                0.0,
                1781.528564453125,
                0.0,
                249.0443115234375,
                227.89947509765625
            ]
        },
        "BCC_BCC-CSM2-MR_historical": {
            "file_summary": [
                30.416371905002528,
                31.0,
                31.0
            ],
            "percentiles": [
                1682.215576171875,
                1542.591796875,
                1542.591796875,
                1542.591796875,
                1542.591796875,
                1542.591796875,
                796.423583984375,
                384.56055450439453,
                155.74099426269532,
                95.45996894836426,
                35.15784210205078,
                21.994569540023804,
                4.071651545763016
            ],
            "summary": [
                796.423583984375,
                1682.2158203125,
                2.699627637863159,
                861.456467344125,
                836.3940152172803
            ]
        },
        "BCC_BCC-ESM1_historical": {
            "file_summary": [
                30.416371905002528,
                31.0,
                31.0
            ],
            "percentiles": [
                1619.1279645996106,
                1542.591796875,
                1542.591796875,
                1542.591796875,
                1542.591796875,
                1508.809814453125,
                805.1174621582031,
                391.47886657714844,
                166.8539520263672,
                103.02726554870605,
                38.66525550842286,
                24.015562210083008,
                3.590647061347962
            ],
            "summary": [
                805.117431640625,
                1682.215576171875,
                6.571201324462891,
                859.7723479490807,
                841.2333804809052
            ]
        }
    },
    "info": {
        "drs": {
            "experiment": "historical",
            "var": "mrso"
        },
        "tech": {
            "percentiles": [
                99.9,
                99.5,
                99.0,
                95.0,
                90,
                75.0,
                50.0,
                25.0,
                10.0,
                5.0,
                1.0,
                0.5,
                0.1
            ],
            "summary": [
                "median",
                "max",
                "min",
                "mean absolute max",
                "mean absolute min"
            ]
        },
        "title": "aggregation across json_ranges/Lmon/mrso"
    }
}