{
    "data": {
        "AS-RCEC_TaiESM1_historical": {
            "file_summary": [
                30.416835187057632,
                31.0,
                31.0
            ],
            "percentiles": [
                2.067651371895372e-08,
                1.5298217626025245e-08,
                1.2422021189451039e-08,
                3.3705468416300732e-09,
                0.0,
                0.0,
                0.0,
                0.0,
                -4.3034385777129813e-10,
                -3.6730317121147493e-09,
                -1.3622087546849569e-08,
                -1.862665426344279e-08,
                -2.94274873535727e-08
            ],
            "summary": [
                0.0,
                6.239806538133053e-08,
                -3.3533247290051804e-08,
                1.842402563845269e-09,
                8.925999939179974e-10
            ]
        },
        "CCCma_CanESM5_historical": {
            "file_summary": [
                30.416371905002528,
                31.0,
                31.0
            ],
            "percentiles": [
                3.40486912406854e-08,
                2.3278035472529274e-08,
                1.8132117665103946e-08,
                2.9449974126016794e-09,
                3.513732746111825e-16,
                -6.564511958665728e-18,
                -6.564511958665728e-18,
                -6.564511958665728e-18,
                -2.6091259819338572e-09,
                -7.434001558781489e-09,
                -1.885589345107519e-08,
                -2.349310562976825e-08,
                -3.351770831905298e-08
            ],
            "summary": [
                -6.564511958665728e-18,
                1.003056837589611e-07,
                -2.726665115915239e-08,
                3.940881843078614e-09,
                1.2600314125421619e-09
            ]
        },
        "CNRM-CERFACS_CNRM-ESM2-1_historical": {
            "file_summary": [
                30.436584133400707,
                31.0,
                31.0
            ],
            "percentiles": [
                3.462772355078447e-08,
                2.754465240784043e-08,
                2.3711259302672235e-08,
                1.1771192909293371e-08,
                5.133601232998336e-09,
                0.0,
                -1.4620984044856036e-15,
                -1.212384193038929e-09,
                -6.1466157053047245e-09,
                -1.1221264184513301e-08,
                -2.0810866629972225e-08,
                -2.4820520589940998e-08,
                -3.39418858104068e-08
            ],
            "summary": [
                -1.4620984044856036e-15,
                7.22092536875607e-08,
                -2.9469886086985753e-08,
                7.988083896981921e-09,
                2.6438420832572846e-09
            ]
        }
    },
    "info": {
        "drs": {
            "experiment": "historical",
            "var": "nbp"
        },
        "tech": {
            "percentiles": [
                99.9,
                99.5,
                99.0,
                95.0,
                90,
                75.0,
                50.0,
                25.0,
                10.0,
                5.0,
                1.0,
                0.5,
                0.1
            ],
            "summary": [
                "median",
                "max",
                "min",
                "mean absolute max",
                "mean absolute min"
            ]
        },
        "title": "aggregation across json_ranges/Lmon/nbp"
    }
}