{
    "data": {
        "AS-RCEC_TaiESM1_historical": {
            "file_summary": [
                30.416835187057632,
                31.0,
                31.0
            ],
            "percentiles": [
                9.652548950356309e-08,
                8.648960001522713e-08,
                7.733016467170735e-08,
                2.740730842276662e-08,
                1.0449681564494995e-08,
                0.0,
                0.0,
                0.0,
                0.0,
                0.0,
                0.0,
                0.0,
                0.0
            ],
            "summary": [
                0.0,
                1.5212411597076425e-07,
                0.0,
                5.6928275427026165e-09,
                3.36509864418133e-09
            ]
        },
        "BCC_BCC-CSM2-MR_historical": {
            "file_summary": [
                30.416371905002528,
                31.0,
                31.0
            ],
            "percentiles": [
                6.779884051155733e-08,
                5.82961711526053e-08,
                5.4323435918490744e-08,
                3.659604113082078e-08,
                2.320848375703121e-08,
                7.713659821995122e-09,
                3.7735921332160416e-10,
                0.0,
                0.0,
                0.0,
                0.0,
                0.0,
                0.0
            ],
            "summary": [
                3.7735922719939197e-10,
                1.1087481510685393e-07,
                0.0,
                1.4480599111925189e-08,
                4.539192178599207e-09
            ]
        },
        "BCC_BCC-ESM1_historical": {
            "file_summary": [
                30.416371905002528,
                31.0,
                31.0
            ],
            "percentiles": [
                7.012133292505523e-08,
                6.22336245115207e-08,
                5.8641426221583964e-08,
                4.510785238664992e-08,
                3.2130810367902994e-08,
                1.1822671286410014e-08,
                1.481858746821274e-09,
                0.0,
                0.0,
                0.0,
                0.0,
                0.0,
                0.0
            ],
            "summary": [
                1.481858746821274e-09,
                1.08238225493551e-07,
                0.0,
                1.7871425267772636e-08,
                6.442382950480643e-09
            ]
        },
        "CCCma_CanESM5_historical": {
            "file_summary": [
                30.416371905002528,
                31.0,
                31.0
            ],
            "percentiles": [
                7.09535761913573e-08,
                6.561511716185465e-08,
                6.096363105001505e-08,
                2.9730247819159652e-08,
                1.3029054102275964e-08,
                1.8864337349155935e-10,
                0.0,
                0.0,
                0.0,
                0.0,
                0.0,
                0.0,
                0.0
            ],
            "summary": [
                0.0,
                9.533972189501583e-08,
                0.0,
                6.560052945303596e-09,
                3.335220100098013e-09
            ]
        },
        "CNRM-CERFACS_CNRM-CM6-1_historical": {
            "file_summary": [
                30.436584133400707,
                31.0,
                31.0
            ],
            "percentiles": [
                4.33789149205672e-08,
                3.158575971440313e-08,
                2.6264902217576456e-08,
                1.3169473378482613e-08,
                7.072617158598864e-09,
                1.7806739971426566e-09,
                5.603997300929198e-11,
                0.0,
                0.0,
                0.0,
                0.0,
                0.0,
                0.0
            ],
            "summary": [
                5.60399712745685e-11,
                8.84326851746664e-08,
                0.0,
                4.6897758546072494e-09,
                1.5058965026235394e-09
            ]
        },
        "CNRM-CERFACS_CNRM-ESM2-1_historical": {
            "file_summary": [
                30.436584133400707,
                31.0,
                31.0
            ],
            "percentiles": [
                8.207685479533233e-08,
                7.38977762893e-08,
                6.886061008515298e-08,
                4.709030996252747e-08,
                2.9960552794250376e-08,
                6.055772550084271e-09,
                5.632353472506679e-10,
                0.0,
                0.0,
                0.0,
                0.0,
                0.0,
                0.0
            ],
            "summary": [
                5.632353472506679e-10,
                1.2756115097545262e-07,
                0.0,
                1.3428311910395862e-08,
                5.991747627743979e-09
            ]
        }
    },
    "info": {
        "drs": {
            "experiment": "historical",
            "var": "ra"
        },
        "tech": {
            "percentiles": [
                99.9,
                99.5,
                99.0,
                95.0,
                90,
                75.0,
                50.0,
                25.0,
                10.0,
                5.0,
                1.0,
                0.5,
                0.1
            ],
            "summary": [
                "median",
                "max",
                "min",
                "mean absolute max",
                "mean absolute min"
            ]
        },
        "title": "aggregation across json_ranges/Lmon/ra"
    }
}