{
    "data": {
        "AS-RCEC_TaiESM1_historical": {
            "file_summary": [
                30.416835187057632,
                31.0,
                31.0
            ],
            "percentiles": [
                4.846169547434465e-08,
                4.250264327154696e-08,
                3.815179923094548e-08,
                1.512050751273364e-08,
                6.579506273141078e-09,
                0.0,
                0.0,
                0.0,
                0.0,
                0.0,
                0.0,
                0.0,
                0.0
            ],
            "summary": [
                0.0,
                1.0785739590346566e-07,
                0.0,
                2.6391886454035784e-09,
                1.6609880137963273e-09
            ]
        },
        "BCC_BCC-CSM2-MR_historical": {
            "file_summary": [
                30.416371905002528,
                31.0,
                31.0
            ],
            "percentiles": [
                6.158344080020657e-08,
                5.298214927229592e-08,
                4.785967417930689e-08,
                2.645818453217429e-08,
                1.825705249203224e-08,
                6.6557301336978014e-09,
                3.2386386975002956e-11,
                0.0,
                0.0,
                0.0,
                0.0,
                0.0,
                0.0
            ],
            "summary": [
                3.238638524027948e-11,
                1.7727730039496237e-07,
                0.0,
                1.5411851889621008e-08,
                3.538931780453406e-09
            ]
        },
        "BCC_BCC-ESM1_historical": {
            "file_summary": [
                30.416371905002528,
                31.0,
                31.0
            ],
            "percentiles": [
                5.61060120851668e-08,
                5.0971948493128114e-08,
                4.8139495412158305e-08,
                3.2246244607847514e-08,
                2.2719309455965226e-08,
                1.0987851295496398e-08,
                6.511551298160612e-10,
                0.0,
                0.0,
                0.0,
                0.0,
                0.0,
                0.0
            ],
            "summary": [
                6.511551298160612e-10,
                1.2255250680937024e-07,
                0.0,
                1.6593062155847102e-08,
                4.783581420838506e-09
            ]
        },
        "CCCma_CanESM5_historical": {
            "file_summary": [
                30.416371905002528,
                31.0,
                31.0
            ],
            "percentiles": [
                6.45140034087893e-08,
                5.45799922946344e-08,
                4.948646447289208e-08,
                3.186359984752585e-08,
                1.8600706397364776e-08,
                5.533880437225136e-10,
                0.0,
                0.0,
                0.0,
                0.0,
                0.0,
                0.0,
                0.0
            ],
            "summary": [
                0.0,
                1.5184957646852126e-07,
                0.0,
                7.102097132616336e-09,
                3.1309794756850806e-09
            ]
        },
        "CNRM-CERFACS_CNRM-CM6-1_historical": {
            "file_summary": [
                30.436584133400707,
                31.0,
                31.0
            ],
            "percentiles": [
                2.3602627541663474e-07,
                2.1293288135382214e-07,
                1.9933826749252144e-07,
                1.2884098552490278e-07,
                8.695563806782055e-08,
                2.926285702642417e-08,
                4.855261748204498e-09,
                0.0,
                0.0,
                0.0,
                0.0,
                0.0,
                0.0
            ],
            "summary": [
                4.855261970249103e-09,
                3.249529640925175e-07,
                0.0,
                3.521467461188926e-08,
                2.137743670593605e-08
            ]
        },
        "CNRM-CERFACS_CNRM-ESM2-1_historical": {
            "file_summary": [
                30.436584133400707,
                31.0,
                31.0
            ],
            "percentiles": [
                4.384594544504247e-08,
                3.7164986022020174e-08,
                3.378885804039554e-08,
                2.6441953604461324e-08,
                2.0529828148596615e-08,
                1.033236496361667e-08,
                1.75315567618739e-09,
                0.0,
                0.0,
                0.0,
                0.0,
                0.0,
                0.0
            ],
            "summary": [
                1.7531556206762389e-09,
                8.49384420575916e-08,
                0.0,
                1.0600194824373729e-08,
                4.02643033580894e-09
            ]
        }
    },
    "info": {
        "drs": {
            "experiment": "historical",
            "var": "rh"
        },
        "tech": {
            "percentiles": [
                99.9,
                99.5,
                99.0,
                95.0,
                90,
                75.0,
                50.0,
                25.0,
                10.0,
                5.0,
                1.0,
                0.5,
                0.1
            ],
            "summary": [
                "median",
                "max",
                "min",
                "mean absolute max",
                "mean absolute min"
            ]
        },
        "title": "aggregation across json_ranges/Lmon/rh"
    }
}