{
    "data": {
        "percentiles": [
            307.1138860473633,
            303.1346209716796,
            300.08489456176756,
            295.85285568237305,
            282.67222595214844,
            267.6486358642578,
            228.46382904052734,
            214.8094024658203,
            209.29082666778564
        ],
        "summary": [
            283.69451904296875,
            315.0154113769531,
            192.1225128173828,
            281.71185302734375,
            274.50250244140625
        ]
    },
    "info": {
        "tech": {
            "percentiles": [
                99.9,
                99.0,
                95.0,
                75.0,
                50.0,
                25.0,
                5.0,
                1.0,
                0.1
            ],
            "summary": [
                "median",
                "max",
                "min",
                "mean absolute max",
                "mean absolute min"
            ]
        },
        "title": "From sh_ranges/tas/tas_CNRM-CERFACS_CNRM-ESM2-1_historical_00-01"
    }
}