{
    "data": {
        "percentiles": [
            307.7165267333986,
            303.3190869140625,
            301.2567443847656,
            296.0721740722656,
            281.6453857421875,
            264.7181396484375,
            229.90581665039065,
            215.239931640625,
            208.34060009765625
        ],
        "summary": [
            282.7249755859375,
            317.15771484375,
            182.646484375,
            281.22796630859375,
            275.6504211425781
        ]
    },
    "info": {
        "tech": {
            "percentiles": [
                99.9,
                99.0,
                95.0,
                75.0,
                50.0,
                25.0,
                5.0,
                1.0,
                0.1
            ],
            "summary": [
                "median",
                "max",
                "min",
                "mean absolute max",
                "mean absolute min"
            ]
        },
        "title": "From sh_ranges/tas/tas_CSIRO-ARCCSS_ACCESS-CM2_historical_00-01"
    }
}