{
    "data": {
        "percentiles": [
            308.0805569915774,
            303.13195648193357,
            300.55888214111326,
            295.49587631225586,
            281.590576171875,
            265.2215461730957,
            229.7693042755127,
            216.34574356079102,
            210.7224488143921
        ],
        "summary": [
            282.65093994140625,
            319.2786560058594,
            192.89483642578125,
            281.43170166015625,
            275.109375
        ]
    },
    "info": {
        "tech": {
            "percentiles": [
                99.9,
                99.0,
                95.0,
                75.0,
                50.0,
                25.0,
                5.0,
                1.0,
                0.1
            ],
            "summary": [
                "median",
                "max",
                "min",
                "mean absolute max",
                "mean absolute min"
            ]
        },
        "title": "From sh_ranges/tas/tas_NOAA-GFDL_GFDL-ESM4_historical_00-01"
    }
}