{
    "data": {
        "percentiles": [
            307.66494613647467,
            303.38820724487306,
            301.0490264892578,
            296.1359558105469,
            282.4184265136719,
            265.05723571777344,
            226.9648208618164,
            218.06939010620118,
            214.20397563934327
        ],
        "summary": [
            282.9610900878906,
            318.5067443847656,
            194.39480590820312,
            281.8070983886719,
            276.1248779296875
        ]
    },
    "info": {
        "tech": {
            "percentiles": [
                99.9,
                99.0,
                95.0,
                75.0,
                50.0,
                25.0,
                5.0,
                1.0,
                0.1
            ],
            "summary": [
                "median",
                "max",
                "min",
                "mean absolute max",
                "mean absolute min"
            ]
        },
        "title": "From sh_ranges/tas/tas_NCAR_CESM2-WACCM_historical_00-01"
    }
}