{
    "data": {
        "percentiles": [
            309.36650543212926,
            304.437188873291,
            301.25511856079106,
            296.16779708862305,
            281.8871154785156,
            265.9548454284668,
            228.28014183044434,
            218.16464599609375,
            215.41279296875
        ],
        "summary": [
            282.7471160888672,
            320.23541259765625,
            199.70782470703125,
            281.36944580078125,
            276.0269775390625
        ]
    },
    "info": {
        "tech": {
            "percentiles": [
                99.9,
                99.0,
                95.0,
                75.0,
                50.0,
                25.0,
                5.0,
                1.0,
                0.1
            ],
            "summary": [
                "median",
                "max",
                "min",
                "mean absolute max",
                "mean absolute min"
            ]
        },
        "title": "From sh_ranges/tas/tas_MRI_MRI-ESM2-0_historical_00-01"
    }
}