{
    "data": {
        "percentiles": [
            309.02751483154316,
            304.1153842163086,
            300.83538818359375,
            296.21752166748047,
            283.9621887207031,
            269.8394775390625,
            237.6318244934082,
            222.66779357910156,
            215.06745602416993
        ],
        "summary": [
            284.69354248046875,
            320.9266662597656,
            188.45877075195312,
            284.1558837890625,
            283.0814514160156
        ]
    },
    "info": {
        "tech": {
            "percentiles": [
                99.9,
                99.0,
                95.0,
                75.0,
                50.0,
                25.0,
                5.0,
                1.0,
                0.1
            ],
            "summary": [
                "median",
                "max",
                "min",
                "mean absolute max",
                "mean absolute min"
            ]
        },
        "title": "From sh_ranges/tas/tas_MIROC_MIROC-ES2L_historical_00-01"
    }
}