{
    "data": {
        "percentiles": [
            307.6886187438969,
            303.5445394897461,
            300.97032470703124,
            296.74983978271484,
            284.9353485107422,
            269.4563217163086,
            233.87940216064453,
            218.73938064575196,
            212.60167686462404
        ],
        "summary": [
            285.64544677734375,
            316.95819091796875,
            198.22560119628906,
            283.65167236328125,
            282.1331481933594
        ]
    },
    "info": {
        "tech": {
            "percentiles": [
                99.9,
                99.0,
                95.0,
                75.0,
                50.0,
                25.0,
                5.0,
                1.0,
                0.1
            ],
            "summary": [
                "median",
                "max",
                "min",
                "mean absolute max",
                "mean absolute min"
            ]
        },
        "title": "From sh_ranges/tas/tas_CAS_FGOALS-g3_historical_00-01"
    }
}