{
    "data": {
        "percentiles": [
            307.800329284668,
            303.3874229431152,
            300.9251289367676,
            296.1910972595215,
            282.67027282714844,
            261.44986724853516,
            225.33157539367676,
            216.81891365051268,
            212.13156661987307
        ],
        "summary": [
            283.39752197265625,
            320.9826965332031,
            174.1639862060547,
            280.958740234375,
            275.43072509765625
        ]
    },
    "info": {
        "tech": {
            "percentiles": [
                99.9,
                99.0,
                95.0,
                75.0,
                50.0,
                25.0,
                5.0,
                1.0,
                0.1
            ],
            "summary": [
                "median",
                "max",
                "min",
                "mean absolute max",
                "mean absolute min"
            ]
        },
        "title": "From sh_ranges/tas/tas_AS-RCEC_TaiESM1_historical_00-01"
    }
}