{
    "data": {
        "percentiles": [
            308.27256111145056,
            303.9995141601563,
            302.3388313293457,
            297.7452697753906,
            282.92969512939453,
            264.9110298156738,
            231.92674980163576,
            215.30969367980958,
            208.90716113281252
        ],
        "summary": [
            283.8103942871094,
            317.0957946777344,
            192.80825805664062,
            282.57940673828125,
            275.0976257324219
        ]
    },
    "info": {
        "tech": {
            "percentiles": [
                99.9,
                99.0,
                95.0,
                75.0,
                50.0,
                25.0,
                5.0,
                1.0,
                0.1
            ],
            "summary": [
                "median",
                "max",
                "min",
                "mean absolute max",
                "mean absolute min"
            ]
        },
        "title": "From sh_ranges/tas/tas_BCC_BCC-ESM1_historical_00-01"
    }
}