{
    "data": {
        "percentiles": [
            304.899569534302,
            301.3172853088379,
            299.9702087402344,
            295.27760314941406,
            281.270263671875,
            265.6288757324219,
            224.99175376892092,
            213.08080696105958,
            205.59044755554197
        ],
        "summary": [
            282.5648193359375,
            315.21173095703125,
            180.47732543945312,
            280.91107177734375,
            273.1972961425781
        ]
    },
    "info": {
        "tech": {
            "percentiles": [
                99.9,
                99.0,
                95.0,
                75.0,
                50.0,
                25.0,
                5.0,
                1.0,
                0.1
            ],
            "summary": [
                "median",
                "max",
                "min",
                "mean absolute max",
                "mean absolute min"
            ]
        },
        "title": "From sh_ranges/tas/tas_IPSL_IPSL-CM6A-LR_historical_00-01"
    }
}