{
    "data": {
        "percentiles": [
            308.5869517822267,
            303.66942016601564,
            300.62993164062505,
            295.7503662109375,
            281.7855529785156,
            266.9264831542969,
            231.20956115722655,
            217.1193014526367,
            210.2902943725586
        ],
        "summary": [
            282.6539611816406,
            320.4707336425781,
            194.4913330078125,
            282.4710693359375,
            276.6353759765625
        ]
    },
    "info": {
        "tech": {
            "percentiles": [
                99.9,
                99.0,
                95.0,
                75.0,
                50.0,
                25.0,
                5.0,
                1.0,
                0.1
            ],
            "summary": [
                "median",
                "max",
                "min",
                "mean absolute max",
                "mean absolute min"
            ]
        },
        "title": "From sh_ranges/tas/tas_MPI-M_MPI-ESM1-2-LR_historical_00-01"
    }
}