{
    "data": {
        "percentiles": [
            307.49510398864766,
            302.90700759887693,
            300.8357162475586,
            295.98429107666016,
            282.5880813598633,
            265.83846282958984,
            228.00014686584473,
            218.64487113952634,
            214.72740581512448
        ],
        "summary": [
            283.3114013671875,
            316.5704345703125,
            197.27330017089844,
            281.5950012207031,
            275.47161865234375
        ]
    },
    "info": {
        "tech": {
            "percentiles": [
                99.9,
                99.0,
                95.0,
                75.0,
                50.0,
                25.0,
                5.0,
                1.0,
                0.1
            ],
            "summary": [
                "median",
                "max",
                "min",
                "mean absolute max",
                "mean absolute min"
            ]
        },
        "title": "From sh_ranges/tas/tas_NCC_NorESM2-MM_historical_00-01"
    }
}