{
    "data": {
        "percentiles": [
            307.2032070159913,
            303.037126159668,
            300.7536170959472,
            296.33654403686523,
            282.71056365966797,
            264.58702087402344,
            225.92818374633788,
            216.76867088317871,
            213.31753031921386
        ],
        "summary": [
            283.4117126464844,
            318.10968017578125,
            194.3291015625,
            280.801513671875,
            276.8199768066406
        ]
    },
    "info": {
        "tech": {
            "percentiles": [
                99.9,
                99.0,
                95.0,
                75.0,
                50.0,
                25.0,
                5.0,
                1.0,
                0.1
            ],
            "summary": [
                "median",
                "max",
                "min",
                "mean absolute max",
                "mean absolute min"
            ]
        },
        "title": "From sh_ranges/tas/tas_NCAR_CESM2-WACCM-FV2_historical_00-01"
    }
}