{
    "data": {
        "percentiles": [
            305.2800141906739,
            301.73042755126954,
            299.9421188354492,
            295.1311492919922,
            281.9347229003906,
            259.1641082763672,
            229.83588409423828,
            219.22755203247073,
            213.37401052856444
        ],
        "summary": [
            282.423583984375,
            314.0709533691406,
            196.9387969970703,
            280.27496337890625,
            273.8074951171875
        ]
    },
    "info": {
        "tech": {
            "percentiles": [
                99.9,
                99.0,
                95.0,
                75.0,
                50.0,
                25.0,
                5.0,
                1.0,
                0.1
            ],
            "summary": [
                "median",
                "max",
                "min",
                "mean absolute max",
                "mean absolute min"
            ]
        },
        "title": "From sh_ranges/tas/tas_NCC_NorCPM1_historical_00-01"
    }
}