{
    "data": {
        "percentiles": [
            308.9318101501465,
            304.18883666992184,
            301.2548065185547,
            296.2052001953125,
            282.26609802246094,
            265.6872253417969,
            230.6426712036133,
            217.18251846313478,
            211.45395291137694
        ],
        "summary": [
            282.99029541015625,
            319.83404541015625,
            192.79327392578125,
            281.61737060546875,
            280.14581298828125
        ]
    },
    "info": {
        "tech": {
            "percentiles": [
                99.9,
                99.0,
                95.0,
                75.0,
                50.0,
                25.0,
                5.0,
                1.0,
                0.1
            ],
            "summary": [
                "median",
                "max",
                "min",
                "mean absolute max",
                "mean absolute min"
            ]
        },
        "title": "From sh_ranges/tas/tas_AWI_AWI-CM-1-1-MR_historical_00-01"
    }
}