{
    "data": {
        "percentiles": [
            307.23786524963384,
            303.0779237365723,
            300.6812355041504,
            296.27384185791016,
            283.01110076904297,
            266.1213912963867,
            224.64835319519045,
            215.74163543701172,
            212.05856877899168
        ],
        "summary": [
            283.491455078125,
            315.83636474609375,
            193.2908935546875,
            280.863525390625,
            276.38763427734375
        ]
    },
    "info": {
        "tech": {
            "percentiles": [
                99.9,
                99.0,
                95.0,
                75.0,
                50.0,
                25.0,
                5.0,
                1.0,
                0.1
            ],
            "summary": [
                "median",
                "max",
                "min",
                "mean absolute max",
                "mean absolute min"
            ]
        },
        "title": "From sh_ranges/tas/tas_NCAR_CESM2-FV2_historical_00-01"
    }
}