{
    "data": {
        "percentiles": [
            306.5691828613284,
            303.0019299316406,
            301.0697814941406,
            295.859375,
            282.2259521484375,
            265.67498779296875,
            227.7739196777344,
            215.40781005859375,
            207.12926147460936
        ],
        "summary": [
            283.03466796875,
            317.042236328125,
            178.302490234375,
            282.1507873535156,
            273.73291015625
        ]
    },
    "info": {
        "tech": {
            "percentiles": [
                99.9,
                99.0,
                95.0,
                75.0,
                50.0,
                25.0,
                5.0,
                1.0,
                0.1
            ],
            "summary": [
                "median",
                "max",
                "min",
                "mean absolute max",
                "mean absolute min"
            ]
        },
        "title": "From sh_ranges/tas/tas_MOHC_HadGEM3-GC31-LL_historical_00-01"
    }
}