{
    "data": {
        "percentiles": [
            305.76196510314946,
            301.5293490600586,
            299.2296203613281,
            294.8374786376953,
            280.9424514770508,
            262.9409980773926,
            230.83639526367188,
            218.68421936035156,
            212.7662811279297
        ],
        "summary": [
            282.20574951171875,
            314.0793762207031,
            192.36709594726562,
            280.69818115234375,
            275.0205078125
        ]
    },
    "info": {
        "tech": {
            "percentiles": [
                99.9,
                99.0,
                95.0,
                75.0,
                50.0,
                25.0,
                5.0,
                1.0,
                0.1
            ],
            "summary": [
                "median",
                "max",
                "min",
                "mean absolute max",
                "mean absolute min"
            ]
        },
        "title": "From sh_ranges/tas/tas_CNRM-CERFACS_CNRM-CM6-1-HR_historical_00-01"
    }
}