{
    "data": {
        "percentiles": [
            307.8223872222901,
            303.4776156616211,
            301.5320976257324,
            296.48217010498047,
            282.88997650146484,
            266.20556259155273,
            232.11192359924314,
            220.14288330078125,
            215.55938256072997
        ],
        "summary": [
            283.71949768066406,
            317.8052062988281,
            193.1068572998047,
            282.36419677734375,
            276.5080871582031
        ]
    },
    "info": {
        "tech": {
            "percentiles": [
                99.9,
                99.0,
                95.0,
                75.0,
                50.0,
                25.0,
                5.0,
                1.0,
                0.1
            ],
            "summary": [
                "median",
                "max",
                "min",
                "mean absolute max",
                "mean absolute min"
            ]
        },
        "title": "From sh_ranges/tas/tas_CSIRO_ACCESS-ESM1-5_historical_00-01"
    }
}