{
    "data": {
        "percentiles": [
            308.71542846679694,
            303.9180053710937,
            300.96478881835935,
            296.4539794921875,
            281.5955505371094,
            264.6844177246094,
            230.15330810546874,
            216.37677062988283,
            209.20149963378907
        ],
        "summary": [
            282.59881591796875,
            321.5400085449219,
            191.00836181640625,
            281.7301025390625,
            274.7936096191406
        ]
    },
    "info": {
        "tech": {
            "percentiles": [
                99.9,
                99.0,
                95.0,
                75.0,
                50.0,
                25.0,
                5.0,
                1.0,
                0.1
            ],
            "summary": [
                "median",
                "max",
                "min",
                "mean absolute max",
                "mean absolute min"
            ]
        },
        "title": "From sh_ranges/tas/tas_NUIST_NESM3_historical_00-01"
    }
}