{
    "data": {
        "percentiles": [
            313.31327082824737,
            307.3069696044921,
            301.47266311645507,
            296.630859375,
            284.1108856201172,
            269.35144424438477,
            234.63365402221677,
            219.20979148864745,
            212.09586821746825
        ],
        "summary": [
            284.86572265625,
            328.571533203125,
            188.77992248535156,
            284.2203369140625,
            277.65875244140625
        ]
    },
    "info": {
        "tech": {
            "percentiles": [
                99.9,
                99.0,
                95.0,
                75.0,
                50.0,
                25.0,
                5.0,
                1.0,
                0.1
            ],
            "summary": [
                "median",
                "max",
                "min",
                "mean absolute max",
                "mean absolute min"
            ]
        },
        "title": "From sh_ranges/tas/tas_MIROC_MIROC6_historical_00-01"
    }
}