{
    "data": {
        "percentiles": [
            306.62674926757813,
            303.0006201171874,
            301.2626953125,
            295.89825439453125,
            282.268798828125,
            265.58148193359375,
            230.76297607421876,
            218.18751220703126,
            210.5021748046875
        ],
        "summary": [
            283.1583251953125,
            318.12353515625,
            180.957763671875,
            282.5194396972656,
            275.79925537109375
        ]
    },
    "info": {
        "tech": {
            "percentiles": [
                99.9,
                99.0,
                95.0,
                75.0,
                50.0,
                25.0,
                5.0,
                1.0,
                0.1
            ],
            "summary": [
                "median",
                "max",
                "min",
                "mean absolute max",
                "mean absolute min"
            ]
        },
        "title": "From sh_ranges/tas/tas_MOHC_HadGEM3-GC31-MM_historical_00-01"
    }
}