{
    "data": {
        "percentiles": [
            306.0748339691163,
            302.04669311523435,
            299.88815155029295,
            294.9468994140625,
            281.8846435546875,
            263.39001083374023,
            226.70921745300294,
            214.57631454467776,
            210.7630118865967
        ],
        "summary": [
            282.447021484375,
            315.2260437011719,
            188.293701171875,
            281.07464599609375,
            275.3730163574219
        ]
    },
    "info": {
        "tech": {
            "percentiles": [
                99.9,
                99.0,
                95.0,
                75.0,
                50.0,
                25.0,
                5.0,
                1.0,
                0.1
            ],
            "summary": [
                "median",
                "max",
                "min",
                "mean absolute max",
                "mean absolute min"
            ]
        },
        "title": "From sh_ranges/tas/tas_CAS_FGOALS-f3-L_historical_00-01"
    }
}