{
    "data": {
        "percentiles": [
            307.4337557830811,
            302.9835528564453,
            301.1679054260254,
            296.4261245727539,
            282.6345520019531,
            265.62934494018555,
            228.50603332519532,
            218.59799400329592,
            214.6379162979126
        ],
        "summary": [
            283.39691162109375,
            316.4101257324219,
            196.8793182373047,
            281.51995849609375,
            276.2042236328125
        ]
    },
    "info": {
        "tech": {
            "percentiles": [
                99.9,
                99.0,
                95.0,
                75.0,
                50.0,
                25.0,
                5.0,
                1.0,
                0.1
            ],
            "summary": [
                "median",
                "max",
                "min",
                "mean absolute max",
                "mean absolute min"
            ]
        },
        "title": "From sh_ranges/tas/tas_NCC_NorESM2-LM_historical_00-01"
    }
}