{
    "data": {
        "percentiles": [
            307.748338623047,
            303.42918319702153,
            301.1241340637207,
            296.21950912475586,
            282.54949951171875,
            265.6692924499512,
            227.25732612609863,
            218.19795150756835,
            214.61183368682862
        ],
        "summary": [
            283.15045166015625,
            317.92022705078125,
            198.65145874023438,
            281.4435729980469,
            276.1523132324219
        ]
    },
    "info": {
        "tech": {
            "percentiles": [
                99.9,
                99.0,
                95.0,
                75.0,
                50.0,
                25.0,
                5.0,
                1.0,
                0.1
            ],
            "summary": [
                "median",
                "max",
                "min",
                "mean absolute max",
                "mean absolute min"
            ]
        },
        "title": "From sh_ranges/tas/tas_NCAR_CESM2_historical_00-01"
    }
}