{
    "data": {
        "percentiles": [
            306.70326608276383,
            302.41607666015625,
            299.95658111572266,
            295.89239501953125,
            283.1472625732422,
            263.82521057128906,
            236.02117004394535,
            226.18623809814454,
            220.38885597229003
        ],
        "summary": [
            283.59405517578125,
            318.17498779296875,
            197.99180603027344,
            282.89642333984375,
            281.533447265625
        ]
    },
    "info": {
        "tech": {
            "percentiles": [
                99.9,
                99.0,
                95.0,
                75.0,
                50.0,
                25.0,
                5.0,
                1.0,
                0.1
            ],
            "summary": [
                "median",
                "max",
                "min",
                "mean absolute max",
                "mean absolute min"
            ]
        },
        "title": "From sh_ranges/tas/tas_EC-Earth-Consortium_EC-Earth3_historical_00-01"
    }
}