{
    "data": {
        "percentiles": [
            308.25947909545937,
            304.0359031677246,
            302.49373931884764,
            297.3863067626953,
            282.5403289794922,
            266.61202239990234,
            232.8507053375244,
            217.99948753356932,
            212.3996924057007
        ],
        "summary": [
            283.187255859375,
            317.7837219238281,
            194.84463500976562,
            282.2168884277344,
            276.83721923828125
        ]
    },
    "info": {
        "tech": {
            "percentiles": [
                99.9,
                99.0,
                95.0,
                75.0,
                50.0,
                25.0,
                5.0,
                1.0,
                0.1
            ],
            "summary": [
                "median",
                "max",
                "min",
                "mean absolute max",
                "mean absolute min"
            ]
        },
        "title": "From sh_ranges/tas/tas_BCC_BCC-CSM2-MR_historical_00-01"
    }
}