{
    "data": {
        "percentiles": [
            307.9342399291994,
            303.63544586181644,
            301.5408935546875,
            296.22267150878906,
            282.00598907470703,
            263.7568473815918,
            230.9339370727539,
            216.63563621520996,
            207.14253498077392
        ],
        "summary": [
            283.0975036621094,
            316.73907470703125,
            173.73898315429688,
            282.31817626953125,
            274.03778076171875
        ]
    },
    "info": {
        "tech": {
            "percentiles": [
                99.9,
                99.0,
                95.0,
                75.0,
                50.0,
                25.0,
                5.0,
                1.0,
                0.1
            ],
            "summary": [
                "median",
                "max",
                "min",
                "mean absolute max",
                "mean absolute min"
            ]
        },
        "title": "From sh_ranges/tas/tas_CCCma_CanESM5_historical_00-01"
    }
}