{
    "data": {
        "percentiles": [
            306.3749802093507,
            302.4696701049804,
            299.62963485717773,
            295.4070472717285,
            281.5561828613281,
            264.70914459228516,
            227.00086212158203,
            213.94752502441406,
            208.76427850341796
        ],
        "summary": [
            282.85284423828125,
            314.35223388671875,
            191.2809600830078,
            280.9259338378906,
            273.4744567871094
        ]
    },
    "info": {
        "tech": {
            "percentiles": [
                99.9,
                99.0,
                95.0,
                75.0,
                50.0,
                25.0,
                5.0,
                1.0,
                0.1
            ],
            "summary": [
                "median",
                "max",
                "min",
                "mean absolute max",
                "mean absolute min"
            ]
        },
        "title": "From sh_ranges/tas/tas_CNRM-CERFACS_CNRM-CM6-1_historical_00-01"
    }
}