{
    "data": {
        "percentiles": [
            307.3571293945316,
            302.7288757324219,
            300.55250244140626,
            295.6163330078125,
            282.5596618652344,
            267.5448760986328,
            232.1782028198242,
            219.67713958740234,
            213.69560632324217
        ],
        "summary": [
            283.15032958984375,
            319.0531311035156,
            197.23123168945312,
            282.3265380859375,
            276.6387634277344
        ]
    },
    "info": {
        "tech": {
            "percentiles": [
                99.9,
                99.0,
                95.0,
                75.0,
                50.0,
                25.0,
                5.0,
                1.0,
                0.1
            ],
            "summary": [
                "median",
                "max",
                "min",
                "mean absolute max",
                "mean absolute min"
            ]
        },
        "title": "From sh_ranges/tas/tas_HAMMOZ-Consortium_MPI-ESM-1-2-HAM_historical_00-01"
    }
}