{
    "data": {
        "percentiles": [
            306.74854150390655,
            303.1001086425781,
            301.078369140625,
            295.7746276855469,
            281.247802734375,
            262.11932373046875,
            228.6526123046875,
            217.55692504882813,
            209.8054619140625
        ],
        "summary": [
            282.23333740234375,
            317.416259765625,
            182.80078125,
            281.77398681640625,
            273.2533874511719
        ]
    },
    "info": {
        "tech": {
            "percentiles": [
                99.9,
                99.0,
                95.0,
                75.0,
                50.0,
                25.0,
                5.0,
                1.0,
                0.1
            ],
            "summary": [
                "median",
                "max",
                "min",
                "mean absolute max",
                "mean absolute min"
            ]
        },
        "title": "From sh_ranges/tas/tas_MOHC_UKESM1-0-LL_historical_00-01"
    }
}