{
    "data": {
        "percentiles": [
            309.2960386962891,
            304.2659259033203,
            301.4540100097656,
            296.4183044433594,
            281.98902893066406,
            266.3727264404297,
            230.8775192260742,
            216.76571838378905,
            210.326609375
        ],
        "summary": [
            282.7005615234375,
            320.6822509765625,
            192.116943359375,
            282.7878112792969,
            277.13134765625
        ]
    },
    "info": {
        "tech": {
            "percentiles": [
                99.9,
                99.0,
                95.0,
                75.0,
                50.0,
                25.0,
                5.0,
                1.0,
                0.1
            ],
            "summary": [
                "median",
                "max",
                "min",
                "mean absolute max",
                "mean absolute min"
            ]
        },
        "title": "From sh_ranges/tas/tas_MPI-M_MPI-ESM1-2-HR_historical_00-01"
    }
}