{
    "data": {
        "percentiles": [
            307.3289505004884,
            302.16851455688476,
            300.13792114257814,
            294.8375129699707,
            280.9065170288086,
            263.019474029541,
            228.67559432983398,
            214.58778160095216,
            208.41098924255374
        ],
        "summary": [
            281.880126953125,
            318.2880859375,
            188.32957458496094,
            280.4936828613281,
            275.2953186035156
        ]
    },
    "info": {
        "tech": {
            "percentiles": [
                99.9,
                99.0,
                95.0,
                75.0,
                50.0,
                25.0,
                5.0,
                1.0,
                0.1
            ],
            "summary": [
                "median",
                "max",
                "min",
                "mean absolute max",
                "mean absolute min"
            ]
        },
        "title": "From sh_ranges/tas/tas_NOAA-GFDL_GFDL-CM4_historical_00-01"
    }
}