{
    "data": {
        "percentiles": [
            306.0077540283204,
            301.5197222900391,
            299.7275932312012,
            295.1290397644043,
            282.0531311035156,
            265.9818420410156,
            227.53654594421386,
            209.9661557006836,
            202.87994551086427
        ],
        "summary": [
            282.9070281982422,
            315.6860046386719,
            184.06631469726562,
            280.9792175292969,
            274.7082214355469
        ]
    },
    "info": {
        "tech": {
            "percentiles": [
                99.9,
                99.0,
                95.0,
                75.0,
                50.0,
                25.0,
                5.0,
                1.0,
                0.1
            ],
            "summary": [
                "median",
                "max",
                "min",
                "mean absolute max",
                "mean absolute min"
            ]
        },
        "title": "From sh_ranges/tas/tas_INM_INM-CM5-0_historical_00-01"
    }
}