{
    "data": {
        "percentiles": [
            306.22684689331055,
            301.4876467895508,
            299.8573341369629,
            295.32617950439453,
            282.28648376464844,
            266.1181831359863,
            228.31747856140137,
            211.16691078186034,
            204.33740615081786
        ],
        "summary": [
            283.2743225097656,
            317.4545593261719,
            184.13442993164062,
            281.9464111328125,
            275.239013671875
        ]
    },
    "info": {
        "tech": {
            "percentiles": [
                99.9,
                99.0,
                95.0,
                75.0,
                50.0,
                25.0,
                5.0,
                1.0,
                0.1
            ],
            "summary": [
                "median",
                "max",
                "min",
                "mean absolute max",
                "mean absolute min"
            ]
        },
        "title": "From sh_ranges/tas/tas_INM_INM-CM4-8_historical_00-01"
    }
}