{
    "data": {
        "CCCma_CanESM5_historical": {
            "file_summary": [
                1.0,
                1.0,
                1.0
            ],
            "percentiles": [
                0.01633267051074669,
                0.01491267717210576,
                0.014092965284362435,
                0.011732362280599772,
                0.010457024117931726,
                0.006622311193495989,
                0.0024174501304514706,
                0.0009124784119194373,
                0.0002840593791916035,
                8.771816501393915e-05,
                1.5860835201237933e-05,
                1.0062961071071185e-05,
                4.379885601565548e-06
            ],
            "summary": [
                0.0024174500722438097,
                0.02206716127693653,
                1.6705322958887373e-18,
                0.005118802655488253,
                0.003663962706923485
            ]
        },
        "CNRM-CERFACS_CNRM-CM6-1_historical": {
            "file_summary": [
                1.0,
                1.0,
                1.0
            ],
            "percentiles": [
                0.013490185651928235,
                0.012681601927615705,
                0.01227387301623821,
                0.01133661912754178,
                0.010577590949833394,
                0.007411307189613581,
                0.003521125530824065,
                0.0016149022267200053,
                0.0007772408134769648,
                0.000512735394295305,
                0.0001820523029891774,
                0.00012461328878998756,
                5.4439695290056986e-05
            ],
            "summary": [
                0.003521125530824065,
                0.01870810054242611,
                -0.00010948740964522585,
                0.005696340134052334,
                0.004185115805512373
            ]
        },
        "CNRM-CERFACS_CNRM-ESM2-1_historical": {
            "file_summary": [
                1.0,
                1.0,
                1.0
            ],
            "percentiles": [
                0.013739798723720364,
                0.012965218164026739,
                0.012580828294157978,
                0.011638112366199492,
                0.010875471122562886,
                0.007639971328899264,
                0.0036907559260725975,
                0.0017309747054241598,
                0.0008841374306939544,
                0.0005843407241627574,
                0.00020269129134248943,
                0.00013574904151028024,
                5.809778475668281e-05
            ],
            "summary": [
                0.0036907559260725975,
                0.01938525214791298,
                -0.00010931083670584485,
                0.005940929301316197,
                0.004291004308956528
            ]
        },
        "HAMMOZ-Consortium_MPI-ESM-1-2-HAM_historical": {
            "file_summary": [
                1.0,
                1.0,
                1.0
            ],
            "percentiles": [
                0.013297740966081627,
                0.012708584107458613,
                0.01242280177772045,
                0.011543349735438824,
                0.010825788043439392,
                0.00749187171459198,
                0.003331726649776101,
                0.0012998345773667097,
                0.0004847901000175625,
                0.0001348945428617299,
                4.372325201984495e-05,
                3.418658161535859e-05,
                2.3000931832939386e-05
            ],
            "summary": [
                0.003331726649776101,
                0.018534410744905472,
                -5.364188109524548e-05,
                0.005537259392440319,
                0.00411697244271636
            ]
        },
        "IPSL_IPSL-CM6A-LR_historical": {
            "file_summary": [
                1.0,
                1.0,
                1.0
            ],
            "percentiles": [
                0.01450953979417682,
                0.013808473479002714,
                0.013473092392086982,
                0.012499009771272537,
                0.011725625395774842,
                0.008543600561097264,
                0.0037991032004356384,
                0.0017859784420579672,
                0.0009407612495124341,
                0.0005959736648947001,
                0.0002503221476217732,
                0.00019153065921273082,
                0.0001121381095072138
            ],
            "summary": [
                0.0037991032004356384,
                0.020085100084543228,
                3.64972993338597e-06,
                0.006497117130380605,
                0.00469741714342622
            ]
        },
        "MOHC_HadGEM3-GC31-LL_historical": {
            "file_summary": [
                1.0,
                1.0,
                1.0
            ],
            "percentiles": [
                0.014766875556670191,
                0.013813977313693613,
                0.013310419642366466,
                0.012121911370195448,
                0.01107617965899408,
                0.007284550229087472,
                0.0033553949906490743,
                0.0015220427594613284,
                0.0006973722920520231,
                0.0004850166056712624,
                0.00018776820026687345,
                0.00013632475383928977,
                7.235443775425665e-05
            ],
            "summary": [
                0.0033553949324414134,
                0.020743750035762787,
                9.99999993922529e-09,
                0.005616500267544918,
                0.004262865848303894
            ]
        },
        "MOHC_UKESM1-0-LL_historical": {
            "file_summary": [
                1.0,
                1.0,
                1.0
            ],
            "percentiles": [
                0.014729620521422506,
                0.013807481036055835,
                0.013311093775555491,
                0.012120412476360797,
                0.011035975255072118,
                0.007217209902592003,
                0.00327667553210631,
                0.0014677056460641325,
                0.0006694654788589106,
                0.0004695611452916637,
                0.00018022792239207774,
                0.00013084467082080664,
                6.894377869321033e-05
            ],
            "summary": [
                0.003276675473898649,
                0.021136201918125153,
                9.99999993922529e-09,
                0.005604736867716496,
                0.004194454052283714
            ]
        },
        "MPI-M_MPI-ESM1-2-LR_historical": {
            "file_summary": [
                1.0,
                1.0,
                1.0
            ],
            "percentiles": [
                0.013523488514125472,
                0.01293028425425291,
                0.012652998380362986,
                0.011788826994597913,
                0.011026485823094845,
                0.007087208796292543,
                0.0029473667964339256,
                0.0012130556860938668,
                0.0004562974500004202,
                0.00010465201194165275,
                2.4656277673784643e-05,
                1.8373677448835224e-05,
                1.1542610081960447e-05
            ],
            "summary": [
                0.0029473667964339256,
                0.01873531937599182,
                -3.2750103855505586e-05,
                0.00541206868365407,
                0.003895127447322011
            ]
        },
        "NOAA-GFDL_GFDL-ESM4_historical": {
            "file_summary": [
                1.0,
                1.0,
                1.0
            ],