{
    "data": {
        "CNRM-CERFACS_CNRM-CM6-1_historical": {
            "file_summary": [
                1.0,
                1.0,
                1.0
            ],
            "percentiles": [
                103744.95452734377,
                103336.3036328125,
                103113.14140625001,
                102456.815234375,
                102091.09062500001,
                101443.6201171875,
                100581.3359375,
                97555.9248046875,
                84728.23710937501,
                70220.7046875,
                62194.01177734375,
                60473.28375,
                55436.11159765624
            ],
            "summary": [
                100581.3359375,
                108259.3515625,
                50346.10546875,
                97153.1796875,
                96371.8671875
            ]
        },
        "CNRM-CERFACS_CNRM-ESM2-1_historical": {
            "file_summary": [
                1.0,
                1.0,
                1.0
            ],
            "percentiles": [
                103745.63286718751,
                103337.31566406251,
                103108.8862109375,
                102446.1259765625,
                102081.42421875,
                101436.3603515625,
                100581.728515625,
                97581.1611328125,
                84797.602734375,
                70403.2337890625,
                62387.4203515625,
                60668.863701171875,
                55511.54048242187
            ],
            "summary": [
                100581.73046875,
                108557.6015625,
                50631.1484375,
                97278.671875,
                96331.8671875
            ]
        },
        "HAMMOZ-Consortium_MPI-ESM-1-2-HAM_historical": {
            "file_summary": [
                1.0,
                1.0,
                9.0
            ],
            "percentiles": [
                104475.52850000004,
                103653.63,
                103366.75249999999,
                102621.5625,
                102205.734375,
                101482.390625,
                100502.109375,
                97360.84375,
                85385.415625,
                70522.00937500001,
                61975.6575,
                60798.6471875,
                55712.33946875
            ],
            "summary": [
                100500.8671875,
                109769.5625,
                49429.80859375,
                97251.3671875,
                96396.78125
            ]
        },
        "IPSL_IPSL-CM6A-LR_historical": {
            "file_summary": [
                1.0,
                1.0,
                1.0
            ],
            "percentiles": [
                103570.54668750003,
                103223.77138671876,
                103011.61859375,
                102388.869140625,
                102040.814453125,
                101422.6005859375,
                100551.208984375,
                97464.2353515625,
                83239.57578125001,
                69642.19609375,
                62317.00154296875,
                60626.195908203124,
                53932.48845898437
            ],
            "summary": [
                100551.20703125,
                107258.046875,
                49362.1484375,
                97081.5546875,
                96180.4296875
            ]
        },
        "MOHC_HadGEM3-GC31-LL_historical": {
            "file_summary": [
                1.0,
                1.0,
                2.0
            ],
            "percentiles": [
                103799.09386328125,
                103456.13451171874,
                103243.82046875,
                102596.0212890625,
                102225.163671875,
                101535.76171875,
                100716.4609375,
                97598.123046875,
                84683.396875,
                69866.5189453125,
                62128.00259765625,
                60486.392578125,
                55691.13306835938
            ],
            "summary": [
                100716.423828125,
                107805.234375,
                49301.52734375,
                97265.4296875,
                96391.046875
            ]
        },
        "MOHC_HadGEM3-GC31-MM_historical": {
            "file_summary": [
                1.0,
                1.0,
                34.0
            ],
            "percentiles": [
                103764.16860156259,
                103426.7706640625,
                103214.63765625001,
                102572.46113281249,
                102206.3921875,
                101547.6787109375,
                100768.373046875,
                97804.7685546875,
                84151.440625,
                70120.028515625,
                62389.6744921875,
                60625.88810546875,
                55332.48730664063
            ],
            "summary": [
                100767.96875,
                108232.2421875,
                48702.02734375,
                97346.3046875,
                96432.0
            ]
        },
        "MOHC_UKESM1-0-LL_historical": {
            "file_summary": [
                1.0,
                1.0,
                2.0
            ],
            "percentiles": [
                103807.88263671874,
                103466.0237109375,
                103254.73234374999,
                102605.7287109375,
                102227.363671875,
                101531.884765625,
                100714.279296875,
                97611.681640625,
                84687.534765625,
                69832.9859375,
                62067.03666015625,
                60422.685917968745,
                55673.24506445313
            ],
            "summary": [
                100714.158203125,
                108168.90625,
                49374.37109375,
                97304.4296875,
                96420.1171875
            ]
        },
        "MPI-M_MPI-ESM1-2-HR_historical": {
            "file_summary": [
                1.0,
                1.0,
                33.0
            ],
            "percentiles": [
                103913.84375,
                103434.53125,
                103196.21875,
                102516.671875,
                102131.578125,
                101454.046875,
                100590.6484375,
                97547.65625,
                84617.6,
                70071.921875,
                62099.82515624999,
                60345.03875000001,
                55578.07478125
            ],
            "summary": [
                100591.78515625,
                110020.296875,
                48510.19140625,
                97217.9765625,
                96293.859375
            ]
        },
        "MPI-M_MPI-ESM1-2-LR_historical": {
            "file_summary": [
                1.0,
                1.0,
                9.0
            ],
            "percentiles": [
                104521.61375000025,
                103690.080625,
                103397.78375,
                102638.640625,
                102215.34375,
                101482.2578125,
                100469.8203125,
                97325.8125,
                85418.709375,
                70512.16875,
                61961.88375,
                60778.53046875,
                55844.777906250005
            ],
            "summary": [
                100469.71875,
                111003.15625,
                49651.88671875,
                97280.1484375,
                96326.265625
            ]
        },
        "MRI_MRI-ESM2-0_historical": {
            "file_summary": [
                1.0,
                1.0,
                4.0
            ],