{
    "data": {
        "BCC_BCC-CSM2-MR_historical": {
            "file_summary": [
                1.0,
                1.0,
                6.0
            ],
            "percentiles": [
                1.8497741522878693e-05,
                1.761147886099933e-05,
                1.6584745335421754e-05,
                1.0576350905466825e-05,
                6.360121733450797e-06,
                1.6799689603885781e-06,
                1.513242580131191e-07,
                0.0,
                -1.4057697228508914e-07,
                -1.0755142056950717e-06,
                -4.62239702756051e-06,
                -5.524223411157436e-06,
                -6.416718586024218e-06
            ],
            "summary": [
                1.497454249488328e-07,
                1.8740000086836517e-05,
                -6.6679999690677505e-06,
                3.5573389959363563e-06,
                1.0810681486255237e-06
            ]
        },
        "BCC_BCC-ESM1_historical": {
            "file_summary": [
                1.0,
                1.0,
                1.0
            ],
            "percentiles": [
                1.8476127941539752e-05,
                1.7639835136833425e-05,
                1.666335570916999e-05,
                1.0904037480941042e-05,
                6.724862578266767e-06,
                1.8384145050731604e-06,
                1.5145795373427973e-07,
                0.0,
                -5.399886561008315e-07,
                -1.8039803478586688e-06,
                -5.1513545668058215e-06,
                -5.864008668368114e-06,
                -6.481453077867627e-06
            ],
            "summary": [
                1.5145795373427973e-07,
                1.8739998267847113e-05,
                -6.66799451209954e-06,
                3.815035016361216e-06,
                1.237664336362217e-06
            ]
        },
        "CCCma_CanESM5_historical": {
            "file_summary": [
                1.0,
                1.0,
                1.0
            ],
            "percentiles": [
                0.00028776460894733394,
                0.0001236674651227078,
                8.08709198827274e-05,
                1.5301782832466407e-05,
                3.2300787097483413e-06,
                0.0,
                0.0,
                0.0,
                0.0,
                0.0,
                0.0,
                0.0,
                0.0
            ],
            "summary": [
                0.0,
                0.0028714104555547237,
                0.0,
                7.179714430094464e-06,
                1.9172925931343343e-06
            ]
        },
        "CNRM-CERFACS_CNRM-CM6-1_historical": {
            "file_summary": [
                1.0,
                1.0,
                1.0
            ],
            "percentiles": [
                0.0003231183344032652,
                0.00018572495398984715,
                0.00013410279745585253,
                4.1776959369599314e-05,
                2.0349512305983813e-05,
                5.679341370523616e-06,
                1.317596058925119e-06,
                4.627482308450226e-08,
                1.3084196504031833e-10,
                -8.353760572177292e-09,
                -2.1062891960355046e-07,
                -8.427958249512812e-07,
                -7.727344066552178e-06
            ],
            "summary": [
                1.3175961157685379e-06,
                0.002646607579663396,
                -0.0005531327915377915,
                1.6767099260436063e-05,
                5.556825354211325e-06
            ]
        },
        "CNRM-CERFACS_CNRM-ESM2-1_historical": {
            "file_summary": [
                1.0,
                1.0,
                1.0
            ],
            "percentiles": [
                0.00033169488600106125,
                0.00019489857440930635,
                0.00014217431627912416,
                4.5631073408003374e-05,
                2.2760951833333823e-05,
                6.541966172335378e-06,
                1.4879211676088744e-06,
                7.137610502638836e-08,
                2.568629198229644e-10,
                -1.265253857241076e-08,
                -3.2249913090254267e-07,
                -1.0973977884987109e-06,
                -8.079113214989775e-06
            ],
            "summary": [
                1.4879211676088744e-06,
                0.003042349126189947,
                -0.0007555402698926628,
                1.8007755585452382e-05,
                6.207162875550192e-06
            ]
        },
        "CSIRO-ARCCSS_ACCESS-CM2_historical": {
            "file_summary": [
                1.0,
                1.0,
                2.0
            ],
            "percentiles": [
                0.00026608258485795146,
                0.00015454739332199097,
                0.0001156926155090332,
                3.505125641822815e-05,
                1.3418495655059814e-05,
                1.2852251529693604e-06,
                0.0,
                0.0,
                0.0,
                0.0,
                0.0,
                0.0,
                0.0
            ],
            "summary": [
                0.0,
                0.01557643711566925,
                0.0,
                1.9736235257736772e-05,
                3.8736885940736976e-06
            ]
        },
        "CSIRO_ACCESS-ESM1-5_historical": {
            "file_summary": [
                1.0,
                1.0,
                2.0
            ],
            "percentiles": [
                0.00028796076285653345,
                0.00017189088743180055,
                0.00012698749836999995,
                4.901356951449994e-05,
                2.1187566744629307e-05,
                3.932103481929516e-06,
                5.234358013694873e-07,
                6.127747095650133e-16,
                0.0,
                0.0,
                0.0,
                0.0,
                0.0
            ],
            "summary": [
                5.256470103631727e-07,
                0.002923310734331608,
                0.0,
                2.0342286259580526e-05,
                4.632973651758713e-06
            ]
        },
        "HAMMOZ-Consortium_MPI-ESM-1-2-HAM_historical": {
            "file_summary": [
                1.0,
                1.0,
                9.0
            ],
            "percentiles": [
                0.0002470773978275312,
                0.0001281500748882527,
                7.794351171469316e-05,
                1.4279903552960582e-05,
                7.352302782237533e-06,
                2.3247048375196755e-06,
                1.2540840543806553e-07,
                0.0,
                0.0,
                0.0,
                0.0,
                0.0,
                0.0
            ],
            "summary": [
                1.2562668416649103e-07,
                0.0016394046833738685,
                0.0,
                1.693665334665672e-05,
                2.0282493310892784e-06
            ]
        },
        "INM_INM-CM4-8_historical": {
            "file_summary": [
                1.0,
                1.0,
                4.0
            ],
            "percentiles": [
                0.00018519739838667186,
                8.498148752551066e-05,
                5.612500768620515e-05,
                1.0806434329424518e-05,
                2.624432863740376e-06,
                0.0,
                0.0,
                0.0,
                0.0,
                0.0,
                -4.4153801866286774e-07,
                -2.190750363979532e-06,
                -8.633811095023702e-06
            ],
            "summary": [
                0.0,
                0.002634983044117689,
                -0.00014484580606222153,
                5.4154170356923714e-06,
                1.5231300949380966e-06
            ]
        },