{
    "data": {
        "AWI_AWI-CM-1-1-MR_historical": {
            "file_summary": [
                1.0,
                1.0,
                165.0
            ],
            "percentiles": [
                154.14962675476158,
                90.11480331420935,
                68.13709259033162,
                2.0260281205176205,
                0.0,
                0.0,
                0.0,
                0.0,
                0.0,
                0.0,
                0.0,
                0.0,
                0.0
            ],
            "summary": [
                0.0,
                45427.1640625,
                0.0,
                11.27260971069336,
                0.05686626955866814
            ]
        },
        "BCC_BCC-CSM2-MR_historical": {
            "file_summary": [
                1.0,
                1.0,
                6.0
            ],
            "percentiles": [
                1000.0331420898438,
                1000.013916015625,
                1000.0082397460938,
                1000.0017700195312,
                1000.00048828125,
                999.9455413818359,
                14.682294845581055,
                0.0,
                0.0,
                0.0,
                0.0,
                0.0,
                0.0
            ],
            "summary": [
                15.400138139724731,
                1000.6519165039062,
                0.0,
                362.80543933054395,
                315.70114297377285
            ]
        },
        "BCC_BCC-ESM1_historical": {
            "file_summary": [
                1.0,
                1.0,
                1.0
            ],
            "percentiles": [
                1000.106143371582,
                1000.0507092285156,
                1000.0322454833985,
                1000.0081787109375,
                1000.00341796875,
                999.9347839355469,
                4.941070556640625,
                0.0,
                0.0,
                0.0,
                0.0,
                0.0,
                0.0
            ],
            "summary": [
                4.941070556640625,
                1000.7889404296875,
                0.0,
                331.44642857142856,
                292.0778465346535
            ]
        },
        "CCCma_CanESM5_historical": {
            "file_summary": [
                1.0,
                1.0,
                1.0
            ],
            "percentiles": [
                4240.521985595722,
                212.44134799957305,
                133.06319290161142,
                100.0,
                99.99298706054688,
                0.0,
                0.0,
                0.0,
                0.0,
                0.0,
                0.0,
                0.0,
                0.0
            ],
            "summary": [
                0.0,
                5257.673828125,
                0.0,
                41.360958099365234,
                22.50537109375
            ]
        },
        "CNRM-CERFACS_CNRM-CM6-1_historical": {
            "file_summary": [
                1.0,
                1.0,
                1.0
            ],
            "percentiles": [
                751625.1875,
                751240.25,
                750774.8125,
                750070.953125,
                750023.8125,
                749999.9375,
                0.4402284771203995,
                0.0,
                0.0,
                0.0,
                0.0,
                0.0,
                0.0
            ],
            "summary": [
                0.4402284622192383,
                754432.75,
                0.0,
                205681.31270621013,
                205616.97015910258
            ]
        },
        "CNRM-CERFACS_CNRM-ESM2-1_historical": {
            "file_summary": [
                1.0,
                1.0,
                1.0
            ],
            "percentiles": [
                753344.772875001,
                751461.125,
                750939.75,
                750080.99375,
                750024.41875,
                749851.203125,
                0.04295002855360508,
                0.0,
                0.0,
                0.0,
                0.0,
                0.0,
                0.0
            ],
            "summary": [
                0.04295002669095993,
                761896.1875,
                0.0,
                202364.85607449227,
                202286.02331549235
            ]
        },
        "CSIRO-ARCCSS_ACCESS-CM2_historical": {
            "file_summary": [
                1.0,
                1.0,
                2.0
            ],
            "percentiles": [
                21362202.000000596,
                17884852.0,
                15252158.0,
                6537312.0,
                3498530.75,
                946668.21875,
                128.25331115722656,
                0.0,
                0.0,
                0.0,
                0.0,
                0.0,
                0.0
            ],
            "summary": [
                193.73503494262695,
                32736318.0,
                0.0,
                1190716.3627569529,
                1001411.1371965399
            ]
        },
        "CSIRO_ACCESS-ESM1-5_historical": {
            "file_summary": [
                1.0,
                1.0,
                2.0
            ],
            "percentiles": [
                1137.593266601563,
                1109.2027294921877,
                1102.411279296875,
                1100.0,
                1100.0,
                1100.0,
                0.507350504398346,
                0.0,
                0.0,
                0.0,
                0.0,
                0.0,
                0.0
            ],
            "summary": [
                0.6945267841219902,
                1878.360595703125,
                0.0,
                383.03182236539345,
                345.7097330878969
            ]
        },
        "HAMMOZ-Consortium_MPI-ESM-1-2-HAM_historical": {
            "file_summary": [
                1.0,
                1.0,
                9.0
            ],
            "percentiles": [
                146.82427978515645,
                93.67956161499023,
                73.9288330078125,
                7.809162139892585,
                0.0,
                0.0,
                0.0,
                0.0,
                0.0,
                0.0,
                0.0,
                0.0,
                0.0
            ],
            "summary": [
                0.0,
                1389.190673828125,
                0.0,
                10.634347915649414,
                1.6095766941504053e-09
            ]
        },
        "INM_INM-CM4-8_historical": {
            "file_summary": [
                1.0,
                1.0,
                4.0
            ],
            "percentiles": [
                183.9249392395027,
                92.49811607360887,
                70.35844726562478,
                14.56297335624694,
                0.0,
                0.0,
                0.0,
                0.0,
                0.0,
                0.0,
                0.0,
                0.0,
                0.0
            ],
            "summary": [
                0.0,
                1482.4508056640625,
                0.0,
                12.234807968139648,
                0.395595520734787
            ]
        },
        "INM_INM-CM5-0_historical": {
            "file_summary": [
                1.0,
                1.0,
                4.0
            ],
            "percentiles": [
                170.1007405700686,
                88.78396835327149,
                67.95005233764647,
                12.555340766906738,
                0.0,
                0.0,
                0.0,
                0.0,
                0.0,
                0.0,
                0.0,
                0.0,
                0.0
            ],