{
    "data": {
        "MOHC_HadGEM3-GC31-LL_historical": {
            "file_summary": [
                1.0,
                1.0,
                32.0
            ],
            "model_info": {
                "contact": [
                    "None"
                ],
                "drs": [
                    "day",
                    "wap",
                    "MOHC",
                    "HadGEM3-GC31-LL",
                    "historical",
                    "r1i1p1f3",
                    "gn",
                    "v20190624"
                ],
                "shape": [
                    8,
                    144,
                    192
                ]
            },
            "percentiles": {
                "0": [
                    0.14934847266972537,
                    0.08723617061972466,
                    0.06513703316450126,
                    0.02942629158496854,
                    0.02005878835916519,
                    0.009967777878046036,
                    0.0028487741947174072,
                    -0.003585357218980789,
                    -0.014305350184440613,
                    -0.025412003509700295,
                    -0.06617582634091378,
                    -0.09042716093361378,
                    -0.16335486379265785
                ],
                "1": [
                    0.5524409080743954,
                    0.32155281692743093,
                    0.24629157394170764,
                    0.13227620795369144,
                    0.09711850285530092,
                    0.055308736860752106,
                    0.01558193564414978,
                    -0.03704512491822243,
                    -0.11362547874450682,
                    -0.1795528218150139,
                    -0.37808412611484526,
                    -0.4887599154561758,
                    -0.8052842995524406
                ],
                "2": [
                    0.5102062762379723,
                    0.33678215719759474,
                    0.27361938118934603,
                    0.15324387773871417,
                    0.10984366536140444,
                    0.058813367038965225,
                    0.016788005828857422,
                    -0.03855687752366066,
                    -0.12605140209197996,
                    -0.20294934064149855,
                    -0.42480398684740067,
                    -0.5405092366039753,
                    -0.8527022622227669
                ],
                "3": [
                    0.41886025185883724,
                    0.3002945087105034,
                    0.2518112973868844,
                    0.14591134861111635,
                    0.10333199501037596,
                    0.05211145803332329,
                    0.01424439251422882,
                    -0.03464806452393532,
                    -0.11516500860452651,
                    -0.18868471458554267,
                    -0.3925343768298626,
                    -0.4921120286732912,
                    -0.7610853194892406
                ],
                "4": [
                    0.2312084072381274,
                    0.16993264943361264,
                    0.1433741810917854,
                    0.08384945616126058,
                    0.06015748828649519,
                    0.029718056321144104,
                    0.005053997039794922,
                    -0.01817566156387329,
                    -0.061062671244144426,
                    -0.10259664803743362,
                    -0.23303271248936652,
                    -0.3032995298504829,
                    -0.4934157812744379
                ],
                "5": [
                    0.048320345804095804,
                    0.034515986591577494,
                    0.028550597876310303,
                    0.015154133737087242,
                    0.009925341606140135,
                    0.003892064094543457,
                    0.0001341402530670166,
                    -0.0038970820605754852,
                    -0.009920088946819304,
                    -0.015175626426935195,
                    -0.029039635211229323,
                    -0.03508075624704361,
                    -0.049234284684062005
                ],
                "6": [
                    0.021802522331476237,
                    0.016207602769136388,
                    0.0130362744629383,
                    0.00534943118691444,
                    0.002835248410701751,
                    0.0010165907442569733,
                    -5.841255187988281e-06,
                    -0.0010937675833702087,
                    -0.002867083251476287,
                    -0.005402827262878418,
                    -0.013975807577371597,
                    -0.017402852773666384,
                    -0.02268239189684391
                ],
                "7": [
                    0.005338404059410218,
                    0.00402766317129134,
                    0.0032832047343254083,
                    0.0012569181621074632,
                    0.00062030553817749,
                    0.0002062097191810608,
                    -7.450580596923828e-06,
                    -0.00021762773394584656,
                    -0.0006515949964523315,
                    -0.0013920769095420835,
                    -0.0038992027938365937,
                    -0.0047519923001527785,
                    -0.006155670136213303
                ]
            },
            "summary": {
                "0": [
                    0.0028431720566004515,
                    1.3795236349105835,
                    -1.5072660446166992,
                    0.019321317675969243,
                    0.010287427836474695
                ],
                "1": [
                    0.015593435615301132,
                    2.730600357055664,
                    -6.525747299194336,
                    0.08520943340975146,
                    0.061649803469987934
                ],
                "2": [
                    0.016798891127109528,
                    3.368060827255249,
                    -10.12963581085205,
                    0.1001703712672353,
                    0.06411461574693889
                ],
                "3": [
                    0.014235123991966248,
                    2.4750914573669434,
                    -12.186279296875,
                    0.09117992719014485,
                    0.057576409092655885
                ],
                "4": [
                    0.00500347837805748,
                    1.077704906463623,
                    -9.605430603027344,
                    0.05219019204378128,
                    0.03143307566642761
                ],
                "5": [
                    0.00013153627514839172,
                    0.46821272373199463,
                    -3.734541893005371,
                    0.010590028017759323,
                    0.004055326338857412
                ],
                "6": [
                    -6.213784217834473e-06,
                    0.22815781831741333,
                    -0.4124593138694763,
                    0.004282107576727867,
                    0.000933538656681776
                ],
                "7": [
                    -6.962567567825317e-06,
                    0.08872079849243164,
                    -0.07840907573699951,
                    0.0016980968648567796,
                    0.0001899697963381186
                ]
            }
        },
        "MOHC_UKESM1-0-LL_historical": {
            "file_summary": [
                1.0,
                1.0,
                32.0
            ],
            "model_info": {
                "contact": [
                    "None"
                ],
                "drs": [
                    "day",
                    "wap",
                    "MOHC",
                    "UKESM1-0-LL",
                    "historical",
                    "r10i1p1f2",
                    "gn",
                    "v20191213"
                ],