{
    "data": {
        "percentiles": [
            253.01121707916275,
            211.80559425354005,
            163.24828910827637,
            28.17112159729004,
            12.004463195800781,
            5.795915246009827,
            0.0,
            0.0,
            0.0
        ],
        "summary": [
            11.845657348632812,
            406.44537353515625,
            0.0,
            57.47703170776367,
            19.86371612548828
        ]
    },
    "info": {
        "tech": {
            "percentiles": [
                99.9,
                99.0,
                95.0,
                75.0,
                50.0,
                25.0,
                5.0,
                1.0,
                0.1
            ],
            "summary": [
                "median",
                "max",
                "min",
                "mean absolute max",
                "mean absolute min"
            ]
        },
        "title": "From sh_ranges/rsus/rsus_NCAR_CESM2_historical_00-01"
    }
}