{
    "data": {
        "percentiles": [
            255.81639730072058,
            216.53591026306157,
            181.51121025085445,
            38.75166082382202,
            13.5646812915802,
            7.2130208015441895,
            0.0,
            0.0,
            0.0
        ],
        "summary": [
            13.41516399383545,
            417.7323303222656,
            0.0,
            62.046302795410156,
            25.016159057617188
        ]
    },
    "info": {
        "tech": {
            "percentiles": [
                99.9,
                99.0,
                95.0,
                75.0,
                50.0,
                25.0,
                5.0,
                1.0,
                0.1
            ],
            "summary": [
                "median",
                "max",
                "min",
                "mean absolute max",
                "mean absolute min"
            ]
        },
        "title": "From sh_ranges/rsus/rsus_MRI_MRI-ESM2-0_historical_00-01"
    }
}