{
    "data": {
        "percentiles": [
            241.88949164581607,
            188.17656295776368,
            152.80145874023435,
            34.64789009094238,
            12.25699782371521,
            6.543654978275299,
            0.0,
            0.0,
            0.0
        ],
        "summary": [
            12.118156433105469,
            399.54351806640625,
            0.0,
            56.28031539916992,
            20.8710994720459
        ]
    },
    "info": {
        "tech": {
            "percentiles": [
                99.9,
                99.0,
                95.0,
                75.0,
                50.0,
                25.0,
                5.0,
                1.0,
                0.1
            ],
            "summary": [
                "median",
                "max",
                "min",
                "mean absolute max",
                "mean absolute min"
            ]
        },
        "title": "From sh_ranges/rsus/rsus_NOAA-GFDL_GFDL-CM4_historical_00-01"
    }
}