{
    "data": {
        "percentiles": [
            238.82972275543216,
            195.44248779296868,
            162.2097740173339,
            35.36881351470947,
            12.967166900634766,
            7.522709369659424,
            0.0,
            0.0,
            0.0
        ],
        "summary": [
            12.916693687438965,
            386.0773010253906,
            0.0,
            54.64573287963867,
            21.298999786376953
        ]
    },
    "info": {
        "tech": {
            "percentiles": [
                99.9,
                99.0,
                95.0,
                75.0,
                50.0,
                25.0,
                5.0,
                1.0,
                0.1
            ],
            "summary": [
                "median",
                "max",
                "min",
                "mean absolute max",
                "mean absolute min"
            ]
        },
        "title": "From sh_ranges/rsus/rsus_MOHC_HadGEM3-GC31-LL_historical_00-01"
    }
}