{
    "data": {
        "percentiles": [
            290.65349697876337,
            231.75521850585938,
            185.7979309082031,
            29.426007747650146,
            13.103902339935303,
            6.85704243183136,
            0.0,
            0.0,
            0.0
        ],
        "summary": [
            13.008729934692383,
            416.2943115234375,
            0.0,
            56.70085144042969,
            20.02838134765625
        ]
    },
    "info": {
        "tech": {
            "percentiles": [
                99.9,
                99.0,
                95.0,
                75.0,
                50.0,
                25.0,
                5.0,
                1.0,
                0.1
            ],
            "summary": [
                "median",
                "max",
                "min",
                "mean absolute max",
                "mean absolute min"
            ]
        },
        "title": "From sh_ranges/rsus/rsus_CNRM-CERFACS_CNRM-CM6-1_historical_00-01"
    }
}