{
    "data": {
        "percentiles": [
            270.7969804687504,
            218.77668823242175,
            166.98703613281248,
            27.89794921875,
            13.142890930175781,
            6.19091796875,
            0.0009765625,
            3.0517578125e-05,
            -0.000244140625
        ],
        "summary": [
            12.965133666992188,
            430.958984375,
            -0.00390625,
            55.739017486572266,
            24.54451560974121
        ]
    },
    "info": {
        "tech": {
            "percentiles": [
                99.9,
                99.0,
                95.0,
                75.0,
                50.0,
                25.0,
                5.0,
                1.0,
                0.1
            ],
            "summary": [
                "median",
                "max",
                "min",
                "mean absolute max",
                "mean absolute min"
            ]
        },
        "title": "From sh_ranges/rsus/rsus_MPI-M_MPI-ESM1-2-HR_historical_00-01"
    }
}