{
    "data": {
        "percentiles": [
            249.29038627624524,
            216.16515121459983,
            171.81362533569336,
            28.122644424438477,
            12.10842514038086,
            5.68497633934021,
            0.0,
            0.0,
            0.0
        ],
        "summary": [
            11.962501525878906,
            408.47381591796875,
            0.0,
            53.74266815185547,
            20.840749740600586
        ]
    },
    "info": {
        "tech": {
            "percentiles": [
                99.9,
                99.0,
                95.0,
                75.0,
                50.0,
                25.0,
                5.0,
                1.0,
                0.1
            ],
            "summary": [
                "median",
                "max",
                "min",
                "mean absolute max",
                "mean absolute min"
            ]
        },
        "title": "From sh_ranges/rsus/rsus_NCC_NorESM2-MM_historical_00-01"
    }
}