{
    "data": {
        "percentiles": [
            273.6546055755616,
            208.08800712585423,
            157.60397872924807,
            28.25295877456665,
            12.973434448242188,
            5.58805787563324,
            0.000385284423828125,
            -3.0517578125e-05,
            -3.0517578125e-05
        ],
        "summary": [
            12.824320793151855,
            425.1576232910156,
            -0.00469970703125,
            52.3426628112793,
            19.254878997802734
        ]
    },
    "info": {
        "tech": {
            "percentiles": [
                99.9,
                99.0,
                95.0,
                75.0,
                50.0,
                25.0,
                5.0,
                1.0,
                0.1
            ],
            "summary": [
                "median",
                "max",
                "min",
                "mean absolute max",
                "mean absolute min"
            ]
        },
        "title": "From sh_ranges/rsus/rsus_NUIST_NESM3_historical_00-01"
    }
}