{
    "data": {
        "percentiles": [
            260.9352783203137,
            212.6215179443359,
            167.1469146728516,
            27.571609497070312,
            12.994308471679688,
            6.4783935546875,
            0.001220703125,
            0.000244140625,
            0.000244140625
        ],
        "summary": [
            12.851470947265625,
            424.715576171875,
            -0.00390625,
            54.70550537109375,
            20.168109893798828
        ]
    },
    "info": {
        "tech": {
            "percentiles": [
                99.9,
                99.0,
                95.0,
                75.0,
                50.0,
                25.0,
                5.0,
                1.0,
                0.1
            ],
            "summary": [
                "median",
                "max",
                "min",
                "mean absolute max",
                "mean absolute min"
            ]
        },
        "title": "From sh_ranges/rsus/rsus_MPI-M_MPI-ESM1-2-LR_historical_00-01"
    }
}