{
    "data": {
        "percentiles": [
            260.7028144531251,
            214.88779296874995,
            176.172087097168,
            25.795684814453125,
            12.948554992675781,
            6.254638671875,
            0.000732421875,
            0.0,
            -6.103515625e-05
        ],
        "summary": [
            12.924560546875,
            424.13134765625,
            -0.00390625,
            52.66183090209961,
            19.865699768066406
        ]
    },
    "info": {
        "tech": {
            "percentiles": [
                99.9,
                99.0,
                95.0,
                75.0,
                50.0,
                25.0,
                5.0,
                1.0,
                0.1
            ],
            "summary": [
                "median",
                "max",
                "min",
                "mean absolute max",
                "mean absolute min"
            ]
        },
        "title": "From sh_ranges/rsus/rsus_HAMMOZ-Consortium_MPI-ESM-1-2-HAM_historical_00-01"
    }
}