{
    "data": {
        "percentiles": [
            288.6678327026487,
            238.79256439208984,
            193.40994262695312,
            28.485597372055054,
            13.157045125961304,
            6.770193934440613,
            0.0,
            0.0,
            0.0
        ],
        "summary": [
            13.049866676330566,
            417.3175964355469,
            0.0,
            55.77669143676758,
            20.016599655151367
        ]
    },
    "info": {
        "tech": {
            "percentiles": [
                99.9,
                99.0,
                95.0,
                75.0,
                50.0,
                25.0,
                5.0,
                1.0,
                0.1
            ],
            "summary": [
                "median",
                "max",
                "min",
                "mean absolute max",
                "mean absolute min"
            ]
        },
        "title": "From sh_ranges/rsus/rsus_CNRM-CERFACS_CNRM-ESM2-1_historical_00-01"
    }
}