{
    "data": {
        "percentiles": [
            243.24872029876764,
            211.76807411193658,
            167.91735420227047,
            29.380813598632812,
            12.786338806152344,
            6.841653108596802,
            0.0,
            0.0,
            0.0
        ],
        "summary": [
            12.712604522705078,
            370.1351623535156,
            0.0,
            50.44172668457031,
            19.84535026550293
        ]
    },
    "info": {
        "tech": {
            "percentiles": [
                99.9,
                99.0,
                95.0,
                75.0,
                50.0,
                25.0,
                5.0,
                1.0,
                0.1
            ],
            "summary": [
                "median",
                "max",
                "min",
                "mean absolute max",
                "mean absolute min"
            ]
        },
        "title": "From sh_ranges/rsus/rsus_CSIRO-ARCCSS_ACCESS-CM2_historical_00-01"
    }
}