{
    "data": {
        "percentiles": [
            235.1549941864018,
            197.2591743469238,
            161.77597732543944,
            34.99588394165039,
            12.895164489746094,
            7.503768682479858,
            0.0,
            0.0,
            0.0
        ],
        "summary": [
            12.8812255859375,
            385.97650146484375,
            0.0,
            53.44936752319336,
            29.07300567626953
        ]
    },
    "info": {
        "tech": {
            "percentiles": [
                99.9,
                99.0,
                95.0,
                75.0,
                50.0,
                25.0,
                5.0,
                1.0,
                0.1
            ],
            "summary": [
                "median",
                "max",
                "min",
                "mean absolute max",
                "mean absolute min"
            ]
        },
        "title": "From sh_ranges/rsus/rsus_MOHC_HadGEM3-GC31-MM_historical_00-01"
    }
}