{
    "data": {
        "percentiles": [
            265.5194682464622,
            234.35797599792483,
            186.75922927856445,
            28.3940372467041,
            13.988233804702759,
            5.650871157646179,
            0.0,
            0.0,
            0.0
        ],
        "summary": [
            13.898029327392578,
            398.0135192871094,
            0.0,
            59.30937194824219,
            18.621238708496094
        ]
    },
    "info": {
        "tech": {
            "percentiles": [
                99.9,
                99.0,
                95.0,
                75.0,
                50.0,
                25.0,
                5.0,
                1.0,
                0.1
            ],
            "summary": [
                "median",
                "max",
                "min",
                "mean absolute max",
                "mean absolute min"
            ]
        },
        "title": "From sh_ranges/rsus/rsus_IPSL_IPSL-CM6A-LR_historical_00-01"
    }
}