{
    "data": {
        "percentiles": [
            234.5505636901865,
            195.05051071166992,
            138.49246444702146,
            26.571005821228027,
            11.734264373779297,
            5.536403298377991,
            0.0,
            0.0,
            0.0
        ],
        "summary": [
            11.653091430664062,
            392.88970947265625,
            0.0,
            48.17009353637695,
            17.215930938720703
        ]
    },
    "info": {
        "tech": {
            "percentiles": [
                99.9,
                99.0,
                95.0,
                75.0,
                50.0,
                25.0,
                5.0,
                1.0,
                0.1
            ],
            "summary": [
                "median",
                "max",
                "min",
                "mean absolute max",
                "mean absolute min"
            ]
        },
        "title": "From sh_ranges/rsus/rsus_BCC_BCC-CSM2-MR_historical_00-01"
    }
}