{
    "data": {
        "percentiles": [
            248.93235938263018,
            210.23395896911617,
            174.0832679748535,
            23.283987283706665,
            11.817537784576416,
            6.256307601928711,
            0.0,
            0.0,
            0.0
        ],
        "summary": [
            11.68781852722168,
            388.81298828125,
            0.0,
            44.8084602355957,
            24.37225914001465
        ]
    },
    "info": {
        "tech": {
            "percentiles": [
                99.9,
                99.0,
                95.0,
                75.0,
                50.0,
                25.0,
                5.0,
                1.0,
                0.1
            ],
            "summary": [
                "median",
                "max",
                "min",
                "mean absolute max",
                "mean absolute min"
            ]
        },
        "title": "From sh_ranges/rsus/rsus_MIROC_MIROC6_historical_00-01"
    }
}