{
    "data": {
        "percentiles": [
            262.4560075988835,
            213.4880583190918,
            171.80922698974607,
            32.449989318847656,
            13.14950180053711,
            6.6470794677734375,
            0.0,
            0.0,
            0.0
        ],
        "summary": [
            13.148284912109375,
            389.40087890625,
            0.0,
            57.528961181640625,
            21.343265533447266
        ]
    },
    "info": {
        "tech": {
            "percentiles": [
                99.9,
                99.0,
                95.0,
                75.0,
                50.0,
                25.0,
                5.0,
                1.0,
                0.1
            ],
            "summary": [
                "median",
                "max",
                "min",
                "mean absolute max",
                "mean absolute min"
            ]
        },
        "title": "From sh_ranges/rsus/rsus_CCCma_CanESM5_historical_00-01"
    }
}