{
    "data": {
        "percentiles": [
            252.87063642120586,
            199.55715156555175,
            157.68854026794435,
            27.005226373672485,
            12.03976058959961,
            5.934882164001465,
            0.0,
            0.0,
            0.0
        ],
        "summary": [
            11.923744201660156,
            408.5628967285156,
            0.0,
            57.45439529418945,
            21.001523971557617
        ]
    },
    "info": {
        "tech": {
            "percentiles": [
                99.9,
                99.0,
                95.0,
                75.0,
                50.0,
                25.0,
                5.0,
                1.0,
                0.1
            ],
            "summary": [
                "median",
                "max",
                "min",
                "mean absolute max",
                "mean absolute min"
            ]
        },
        "title": "From sh_ranges/rsus/rsus_NCAR_CESM2-WACCM-FV2_historical_00-01"
    }
}