{
    "data": {
        "percentiles": [
            234.57772880554205,
            186.22299987792974,
            136.9362388610839,
            24.96076774597168,
            11.394340515136719,
            5.255102157592773,
            0.0,
            0.0,
            0.0
        ],
        "summary": [
            11.477806091308594,
            391.75738525390625,
            0.0,
            47.277557373046875,
            15.435866355895996
        ]
    },
    "info": {
        "tech": {
            "percentiles": [
                99.9,
                99.0,
                95.0,
                75.0,
                50.0,
                25.0,
                5.0,
                1.0,
                0.1
            ],
            "summary": [
                "median",
                "max",
                "min",
                "mean absolute max",
                "mean absolute min"
            ]
        },
        "title": "From sh_ranges/rsus/rsus_BCC_BCC-ESM1_historical_00-01"
    }
}