{
    "data": {
        "percentiles": [
            269.41497172546417,
            208.56662612915045,
            163.4103916168213,
            25.256359100341797,
            14.003063201904297,
            6.94809627532959,
            0.0,
            0.0,
            0.0
        ],
        "summary": [
            13.83434009552002,
            405.3459777832031,
            0.0,
            58.68937301635742,
            20.930082321166992
        ]
    },
    "info": {
        "tech": {
            "percentiles": [
                99.9,
                99.0,
                95.0,
                75.0,
                50.0,
                25.0,
                5.0,
                1.0,
                0.1
            ],
            "summary": [
                "median",
                "max",
                "min",
                "mean absolute max",
                "mean absolute min"
            ]
        },
        "title": "From sh_ranges/rsus/rsus_CSIRO_ACCESS-ESM1-5_historical_00-01"
    }
}