{
    "data": {
        "percentiles": [
            244.3192935028094,
            200.3835144805908,
            155.54653816223143,
            28.058452606201172,
            12.069694519042969,
            6.005429983139038,
            0.0,
            0.0,
            0.0
        ],
        "summary": [
            11.991744995117188,
            409.5385437011719,
            0.0,
            57.671852111816406,
            19.722484588623047
        ]
    },
    "info": {
        "tech": {
            "percentiles": [
                99.9,
                99.0,
                95.0,
                75.0,
                50.0,
                25.0,
                5.0,
                1.0,
                0.1
            ],
            "summary": [
                "median",
                "max",
                "min",
                "mean absolute max",
                "mean absolute min"
            ]
        },
        "title": "From sh_ranges/rsus/rsus_NCAR_CESM2-FV2_historical_00-01"
    }
}