{
    "data": {
        "percentiles": [
            254.00069896698005,
            231.4650741577152,
            189.0830421447754,
            29.02401351928711,
            12.05587387084961,
            6.770375728607178,
            0.0,
            0.0,
            0.0
        ],
        "summary": [
            11.840431213378906,
            404.8682556152344,
            0.0,
            59.66051483154297,
            23.18233871459961
        ]
    },
    "info": {
        "tech": {
            "percentiles": [
                99.9,
                99.0,
                95.0,
                75.0,
                50.0,
                25.0,
                5.0,
                1.0,
                0.1
            ],
            "summary": [
                "median",
                "max",
                "min",
                "mean absolute max",
                "mean absolute min"
            ]
        },
        "title": "From sh_ranges/rsus/rsus_AS-RCEC_TaiESM1_historical_00-01"
    }
}