{
    "data": {
        "percentiles": [
            250.48555416107197,
            210.7696250152586,
            174.4582809448242,
            35.83688735961914,
            13.06707763671875,
            7.150697708129883,
            0.0,
            0.0,
            0.0
        ],
        "summary": [
            12.928707122802734,
            391.6615905761719,
            0.0,
            56.54787063598633,
            22.17742156982422
        ]
    },
    "info": {
        "tech": {
            "percentiles": [
                99.9,
                99.0,
                95.0,
                75.0,
                50.0,
                25.0,
                5.0,
                1.0,
                0.1
            ],
            "summary": [
                "median",
                "max",
                "min",
                "mean absolute max",
                "mean absolute min"
            ]
        },
        "title": "From sh_ranges/rsus/rsus_MOHC_UKESM1-0-LL_historical_00-01"
    }
}