{
    "data": {
        "percentiles": [
            255.46489021301306,
            242.57921600341808,
            190.10947799682617,
            30.083099365234375,
            12.103279113769531,
            6.908504486083984,
            0.0,
            0.0,
            0.0
        ],
        "summary": [
            11.974922180175781,
            406.9327392578125,
            0.0,
            60.46142578125,
            51.12000274658203
        ]
    },
    "info": {
        "tech": {
            "percentiles": [
                99.9,
                99.0,
                95.0,
                75.0,
                50.0,
                25.0,
                5.0,
                1.0,
                0.1
            ],
            "summary": [
                "median",
                "max",
                "min",
                "mean absolute max",
                "mean absolute min"
            ]
        },
        "title": "From sh_ranges/rsus/rsus_SNU_SAM0-UNICON_historical_00-01"
    }
}