{
    "data": {
        "percentiles": [
            275.31989736938516,
            219.35148452758796,
            171.00326995849602,
            28.317055225372314,
            12.347702980041504,
            8.121737957000732,
            0.0,
            0.0,
            0.0
        ],
        "summary": [
            12.204943656921387,
            393.5832214355469,
            0.0,
            42.42946243286133,
            39.64576721191406
        ]
    },
    "info": {
        "tech": {
            "percentiles": [
                99.9,
                99.0,
                95.0,
                75.0,
                50.0,
                25.0,
                5.0,
                1.0,
                0.1
            ],
            "summary": [
                "median",
                "max",
                "min",
                "mean absolute max",
                "mean absolute min"
            ]
        },
        "title": "From sh_ranges/rsus/rsus_CAS_FGOALS-g3_historical_00-01"
    }
}