{
    "data": {
        "percentiles": [
            251.11454831695622,
            209.6353800201416,
            152.33136253356923,
            25.978566646575928,
            11.992149353027344,
            5.4978649616241455,
            0.0,
            0.0,
            0.0
        ],
        "summary": [
            11.839935302734375,
            409.0891418457031,
            0.0,
            54.00056076049805,
            19.657880783081055
        ]
    },
    "info": {
        "tech": {
            "percentiles": [
                99.9,
                99.0,
                95.0,
                75.0,
                50.0,
                25.0,
                5.0,
                1.0,
                0.1
            ],
            "summary": [
                "median",
                "max",
                "min",
                "mean absolute max",
                "mean absolute min"
            ]
        },
        "title": "From sh_ranges/rsus/rsus_NCC_NorESM2-LM_historical_00-01"
    }
}