{
    "data": {
        "percentiles": [
            256.7637047576926,
            220.089203643799,
            163.75320434570312,
            28.514095306396484,
            11.955913543701172,
            5.69027441740036,
            0.0,
            0.0,
            0.0
        ],
        "summary": [
            11.870925903320312,
            406.0024719238281,
            0.0,
            56.01528549194336,
            21.06688690185547
        ]
    },
    "info": {
        "tech": {
            "percentiles": [
                99.9,
                99.0,
                95.0,
                75.0,
                50.0,
                25.0,
                5.0,
                1.0,
                0.1
            ],
            "summary": [
                "median",
                "max",
                "min",
                "mean absolute max",
                "mean absolute min"
            ]
        },
        "title": "From sh_ranges/rsus/rsus_NCAR_CESM2-WACCM_historical_00-01"
    }
}