{
    "data": {
        "percentiles": [
            239.99911611175608,
            181.75295555114752,
            144.2812618255615,
            28.067036867141724,
            14.239164113998413,
            5.518702149391174,
            3.7941757646819957e-08,
            9.551134250163073e-10,
            3.097784763601841e-11
        ],
        "summary": [
            14.260857582092285,
            390.86322021484375,
            1.786014370251665e-14,
            52.75825119018555,
            19.885236740112305
        ]
    },
    "info": {
        "tech": {
            "percentiles": [
                99.9,
                99.0,
                95.0,
                75.0,
                50.0,
                25.0,
                5.0,
                1.0,
                0.1
            ],
            "summary": [
                "median",
                "max",
                "min",
                "mean absolute max",
                "mean absolute min"
            ]
        },
        "title": "From sh_ranges/rsus/rsus_CAS_FGOALS-f3-L_historical_00-01"
    }
}