{
    "data": {
        "percentiles": [
            131.35682571411292,
            113.13973102569582,
            103.46558094024658,
            93.04970455169678,
            82.63800621032715,
            73.88320541381836,
            48.135966300964355,
            18.586721658706665,
            8.72578776359558
        ],
        "summary": [
            82.91064453125,
            9575.3369140625,
            2.578540086746216,
            84.11661529541016,
            80.09879302978516
        ]
    },
    "info": {
        "tech": {
            "percentiles": [
                99.9,
                99.0,
                95.0,
                75.0,
                50.0,
                25.0,
                5.0,
                1.0,
                0.1
            ],
            "summary": [
                "median",
                "max",
                "min",
                "mean absolute max",
                "mean absolute min"
            ]
        },
        "title": "From shelve file sh_ranges/hurs_AS-RCEC_TaiESM1_historical_00-01"
    }
}