{
    "data": {
        "percentiles": [
            172.01173046875056,
            144.06675781249976,
            115.19511718749997,
            93.984375,
            80.98828125,
            72.1201171875,
            47.6396484375,
            14.990312500000002,
            7.089839843750001
        ],
        "summary": [
            81.2734375,
            196.671875,
            0.2890625,
            85.03517150878906,
            79.95580291748047
        ]
    },
    "info": {
        "tech": {
            "percentiles": [
                99.9,
                99.0,
                95.0,
                75.0,
                50.0,
                25.0,
                5.0,
                1.0,
                0.1
            ],
            "summary": [
                "median",
                "max",
                "min",
                "mean absolute max",
                "mean absolute min"
            ]
        },
        "title": "From sh_ranges/hurs/hurs_MOHC_UKESM1-0-LL_historical_00-01"
    }
}