{
    "data": {
        "percentiles": [
            133.33829817199734,
            119.32378032684326,
            109.20062599182128,
            93.70465278625488,
            83.73616409301758,
            75.15099906921387,
            47.867112541198736,
            20.765885915756225,
            10.367498798370361
        ],
        "summary": [
            83.82259368896484,
            322.6344299316406,
            2.9966297149658203,
            85.90412139892578,
            81.2967300415039
        ]
    },
    "info": {
        "tech": {
            "percentiles": [
                99.9,
                99.0,
                95.0,
                75.0,
                50.0,
                25.0,
                5.0,
                1.0,
                0.1
            ],
            "summary": [
                "median",
                "max",
                "min",
                "mean absolute max",
                "mean absolute min"
            ]
        },
        "title": "From sh_ranges/hurs/hurs_NCAR_CESM2-WACCM-FV2_historical_00-01"
    }
}