{
    "data": {
        "percentiles": [
            173.04882992553814,
            108.76055404663086,
            101.3858501434326,
            93.65748310089111,
            83.24237251281738,
            75.01150608062744,
            49.64040727615357,
            17.800361394882202,
            8.903572793006898
        ],
        "summary": [
            83.22930908203125,
            898.0599365234375,
            0.22435201704502106,
            83.82963562011719,
            80.77607727050781
        ]
    },
    "info": {
        "tech": {
            "percentiles": [
                99.9,
                99.0,
                95.0,
                75.0,
                50.0,
                25.0,
                5.0,
                1.0,
                0.1
            ],
            "summary": [
                "median",
                "max",
                "min",
                "mean absolute max",
                "mean absolute min"
            ]
        },
        "title": "From sh_ranges/hurs/hurs_NOAA-GFDL_GFDL-CM4_historical_00-01"
    }
}