{
    "data": {
        "percentiles": [
            168.3336562500008,
            139.72749999999996,
            115.56757812499998,
            94.90625,
            80.84765625,
            72.03125,
            48.84453125,
            14.2421875,
            6.189335937499999
        ],
        "summary": [
            81.40625,
            195.3828125,
            2.625,
            84.41468811035156,
            80.50739288330078
        ]
    },
    "info": {
        "tech": {
            "percentiles": [
                99.9,
                99.0,
                95.0,
                75.0,
                50.0,
                25.0,
                5.0,
                1.0,
                0.1
            ],
            "summary": [
                "median",
                "max",
                "min",
                "mean absolute max",
                "mean absolute min"
            ]
        },
        "title": "From sh_ranges/hurs/hurs_NIMS-KMA_UKESM1-0-LL_historical_00-01"
    }
}