{
    "data": {
        "percentiles": [
            172.40108013153207,
            141.20194656372053,
            109.92023258209223,
            93.73302841186523,
            82.42469024658203,
            73.78461933135986,
            42.10440349578858,
            11.539481282234192,
            5.390242939949037
        ],
        "summary": [
            82.7362060546875,
            343.3955993652344,
            1.4574790000915527,
            85.64176940917969,
            80.7327880859375
        ]
    },
    "info": {
        "tech": {
            "percentiles": [
                99.9,
                99.0,
                95.0,
                75.0,
                50.0,
                25.0,
                5.0,
                1.0,
                0.1
            ],
            "summary": [
                "median",
                "max",
                "min",
                "mean absolute max",
                "mean absolute min"
            ]
        },
        "title": "From sh_ranges/hurs/hurs_MIROC_MIROC6_historical_00-01"
    }
}