{
    "data": {
        "percentiles": [
            134.89377899169926,
            123.58214569091797,
            111.01800155639647,
            96.11738204956055,
            80.80876541137695,
            71.02063369750977,
            40.68075180053711,
            13.088435649871826,
            6.677670097351074
        ],
        "summary": [
            81.04314422607422,
            166.61407470703125,
            4.999999523162842,
            84.88783264160156,
            79.50212860107422
        ]
    },
    "info": {
        "tech": {
            "percentiles": [
                99.9,
                99.0,
                95.0,
                75.0,
                50.0,
                25.0,
                5.0,
                1.0,
                0.1
            ],
            "summary": [
                "median",
                "max",
                "min",
                "mean absolute max",
                "mean absolute min"
            ]
        },
        "title": "From sh_ranges/hurs/hurs_MPI-M_MPI-ESM1-2-HR_historical_00-01"
    }
}