{
    "data": {
        "percentiles": [
            99.98316192626953,
            99.45489120483398,
            97.90503997802735,
            90.35829734802246,
            81.3619270324707,
            71.07776832580566,
            36.92012119293213,
            15.716489439010621,
            7.826030743598938
        ],
        "summary": [
            81.55892944335938,
            100.0,
            0.27435460686683655,
            81.22758483886719,
            75.49839782714844
        ]
    },
    "info": {
        "tech": {
            "percentiles": [
                99.9,
                99.0,
                95.0,
                75.0,
                50.0,
                25.0,
                5.0,
                1.0,
                0.1
            ],
            "summary": [
                "median",
                "max",
                "min",
                "mean absolute max",
                "mean absolute min"
            ]
        },
        "title": "From sh_ranges/hurs/hurs_CNRM-CERFACS_CNRM-ESM2-1_historical_00-01"
    }
}