{
    "data": {
        "percentiles": [
            99.97700054550171,
            99.42648406982423,
            97.87822723388672,
            90.38227462768555,
            81.14696884155273,
            70.94099998474121,
            37.90671920776367,
            15.67435648918152,
            8.114494406223297
        ],
        "summary": [
            81.38775634765625,
            100.0,
            0.11775966733694077,
            81.44055938720703,
            75.25384521484375
        ]
    },
    "info": {
        "tech": {
            "percentiles": [
                99.9,
                99.0,
                95.0,
                75.0,
                50.0,
                25.0,
                5.0,
                1.0,
                0.1
            ],
            "summary": [
                "median",
                "max",
                "min",
                "mean absolute max",
                "mean absolute min"
            ]
        },
        "title": "From sh_ranges/hurs/hurs_CNRM-CERFACS_CNRM-CM6-1_historical_00-01"
    }
}