{
    "data": {
        "percentiles": [
            100.0,
            100.0,
            99.75055923461915,
            95.13023471832275,
            84.58749580383301,
            75.87366104125977,
            51.85252637863159,
            19.770775260925294,
            11.050947028636934
        ],
        "summary": [
            84.70169067382812,
            100.0,
            3.507965087890625,
            85.02542114257812,
            80.3686294555664
        ]
    },
    "info": {
        "tech": {
            "percentiles": [
                99.9,
                99.0,
                95.0,
                75.0,
                50.0,
                25.0,
                5.0,
                1.0,
                0.1
            ],
            "summary": [
                "median",
                "max",
                "min",
                "mean absolute max",
                "mean absolute min"
            ]
        },
        "title": "From sh_ranges/hurs/hurs_IPSL_IPSL-CM6A-LR_historical_00-01"
    }
}