{
    "data": {
        "percentiles": [
            161.50386718750292,
            132.2317187499998,
            109.953125,
            92.5703125,
            80.59375,
            72.1328125,
            48.9765625,
            15.375,
            7.7575546875
        ],
        "summary": [
            80.80859375,
            196.6640625,
            0.8671875,
            84.45405578613281,
            80.2471923828125
        ]
    },
    "info": {
        "tech": {
            "percentiles": [
                99.9,
                99.0,
                95.0,
                75.0,
                50.0,
                25.0,
                5.0,
                1.0,
                0.1
            ],
            "summary": [
                "median",
                "max",
                "min",
                "mean absolute max",
                "mean absolute min"
            ]
        },
        "title": "From sh_ranges/hurs/hurs_MOHC_HadGEM3-GC31-MM_historical_00-01"
    }
}