{
    "data": {
        "percentiles": [
            100.28236618804934,
            98.60572269439697,
            96.36382808685303,
            89.44758892059326,
            81.92622375488281,
            71.71011352539062,
            39.43961000442505,
            12.293477954864501,
            4.761855462789535
        ],
        "summary": [
            81.95743560791016,
            143.4923858642578,
            0.0,
            80.29669952392578,
            75.52723693847656
        ]
    },
    "info": {
        "tech": {
            "percentiles": [
                99.9,
                99.0,
                95.0,
                75.0,
                50.0,
                25.0,
                5.0,
                1.0,
                0.1
            ],
            "summary": [
                "median",
                "max",
                "min",
                "mean absolute max",
                "mean absolute min"
            ]
        },
        "title": "From sh_ranges/hurs/hurs_INM_INM-CM5-0_historical_00-01"
    }
}