{
    "data": {
        "percentiles": [
            173.4561289062508,
            140.00714843749995,
            113.44218749999993,
            93.0546875,
            81.021484375,
            72.36328125,
            49.566601562500004,
            14.587304687500001,
            6.96070703125
        ],
        "summary": [
            81.21875,
            196.671875,
            1.09375,
            85.00257110595703,
            79.40499877929688
        ]
    },
    "info": {
        "tech": {
            "percentiles": [
                99.9,
                99.0,
                95.0,
                75.0,
                50.0,
                25.0,
                5.0,
                1.0,
                0.1
            ],
            "summary": [
                "median",
                "max",
                "min",
                "mean absolute max",
                "mean absolute min"
            ]
        },
        "title": "From sh_ranges/hurs/hurs_MOHC_HadGEM3-GC31-LL_historical_00-01"
    }
}