{
    "data": {
        "percentiles": [
            179.17188281250037,
            163.55539062499997,
            131.75507812499998,
            94.2197265625,
            81.259765625,
            72.6630859375,
            46.2306640625,
            12.1812890625,
            6.50597265625
        ],
        "summary": [
            81.47265625,
            196.6796875,
            0.5078125,
            86.84933471679688,
            82.20662689208984
        ]
    },
    "info": {
        "tech": {
            "percentiles": [
                99.9,
                99.0,
                95.0,
                75.0,
                50.0,
                25.0,
                5.0,
                1.0,
                0.1
            ],
            "summary": [
                "median",
                "max",
                "min",
                "mean absolute max",
                "mean absolute min"
            ]
        },
        "title": "From sh_ranges/hurs/hurs_CSIRO-ARCCSS_ACCESS-CM2_historical_00-01"
    }
}