{
    "data": {
        "percentiles": [
            104.99999237060547,
            104.99999237060547,
            101.78927841186521,
            90.81466674804688,
            81.3285903930664,
            74.64393424987793,
            44.88806781768799,
            19.6397274017334,
            9.40725325012207
        ],
        "summary": [
            81.57160949707031,
            104.99999237060547,
            2.8292198181152344,
            82.87580871582031,
            82.03572845458984
        ]
    },
    "info": {
        "tech": {
            "percentiles": [
                99.9,
                99.0,
                95.0,
                75.0,
                50.0,
                25.0,
                5.0,
                1.0,
                0.1
            ],
            "summary": [
                "median",
                "max",
                "min",
                "mean absolute max",
                "mean absolute min"
            ]
        },
        "title": "From sh_ranges/hurs/hurs_CAS_FGOALS-g3_historical_00-01"
    }
}