{
    "data": {
        "percentiles": [
            133.43881992340192,
            117.82546939849857,
            107.05309009552002,
            93.16659641265869,
            81.8223819732666,
            72.79886436462402,
            45.68720817565918,
            20.617189407348633,
            10.989198751449585
        ],
        "summary": [
            81.88619995117188,
            284.2366943359375,
            3.382622241973877,
            83.82424926757812,
            80.1983413696289
        ]
    },
    "info": {
        "tech": {
            "percentiles": [
                99.9,
                99.0,
                95.0,
                75.0,
                50.0,
                25.0,
                5.0,
                1.0,
                0.1
            ],
            "summary": [
                "median",
                "max",
                "min",
                "mean absolute max",
                "mean absolute min"
            ]
        },
        "title": "From sh_ranges/hurs/hurs_NCC_NorESM2-MM_historical_00-01"
    }
}