{
    "data": {
        "percentiles": [
            129.91671184540036,
            117.81752567291264,
            107.9261531829834,
            93.3545274734497,
            83.44380950927734,
            74.86206722259521,
            46.181899070739746,
            20.02130584716797,
            10.456002068519592
        ],
        "summary": [
            83.46510314941406,
            324.6072692871094,
            2.772800922393799,
            85.119140625,
            81.11209106445312
        ]
    },
    "info": {
        "tech": {
            "percentiles": [
                99.9,
                99.0,
                95.0,
                75.0,
                50.0,
                25.0,
                5.0,
                1.0,
                0.1
            ],
            "summary": [
                "median",
                "max",
                "min",
                "mean absolute max",
                "mean absolute min"
            ]
        },
        "title": "From sh_ranges/hurs/hurs_NCAR_CESM2_historical_00-01"
    }
}