{
    "data": {
        "percentiles": [
            131.9460189819368,
            113.16633872985841,
            103.53037738800049,
            93.09146785736084,
            82.6662654876709,
            73.95889949798584,
            48.12237548828125,
            18.43038010597229,
            8.791384789943695
        ],
        "summary": [
            82.98153686523438,
            9701.380859375,
            2.2311527729034424,
            84.19227600097656,
            80.20138549804688
        ]
    },
    "info": {
        "tech": {
            "percentiles": [
                99.9,
                99.0,
                95.0,
                75.0,
                50.0,
                25.0,
                5.0,
                1.0,
                0.1
            ],
            "summary": [
                "median",
                "max",
                "min",
                "mean absolute max",
                "mean absolute min"
            ]
        },
        "title": "From sh_ranges/hurs/hurs_AS-RCEC_TaiESM1_historical_00-01"
    }
}