{
    "data": {
        "percentiles": [
            161.91441955566518,
            132.41120910644509,
            106.02459716796878,
            93.88312911987305,
            79.40316009521484,
            69.57503890991211,
            45.18303298950195,
            15.297574996948242,
            7.983479268789292
        ],
        "summary": [
            79.65585327148438,
            206.42572021484375,
            4.999999523162842,
            84.15652465820312,
            78.66714477539062
        ]
    },
    "info": {
        "tech": {
            "percentiles": [
                99.9,
                99.0,
                95.0,
                75.0,
                50.0,
                25.0,
                5.0,
                1.0,
                0.1
            ],
            "summary": [
                "median",
                "max",
                "min",
                "mean absolute max",
                "mean absolute min"
            ]
        },
        "title": "From sh_ranges/hurs/hurs_HAMMOZ-Consortium_MPI-ESM-1-2-HAM_historical_00-01"
    }
}