{
    "data": {
        "percentiles": [
            100.00006866455078,
            99.74551342010497,
            98.29626426696777,
            95.37694644927979,
            92.23805236816406,
            87.71208477020264,
            49.03587121963501,
            17.76630847930908,
            7.723653972387313
        ],
        "summary": [
            92.21577453613281,
            100.00006866455078,
            0.013467433862388134,
            89.30880737304688,
            84.946533203125
        ]
    },
    "info": {
        "tech": {
            "percentiles": [
                99.9,
                99.0,
                95.0,
                75.0,
                50.0,
                25.0,
                5.0,
                1.0,
                0.1
            ],
            "summary": [
                "median",
                "max",
                "min",
                "mean absolute max",
                "mean absolute min"
            ]
        },
        "title": "From sh_ranges/hurs/hurs_CCCma_CanESM5_historical_00-01"
    }
}