{
    "data": {
        "percentiles": [
            150.8779685440071,
            134.1275074005127,
            114.23927993774413,
            94.13076591491699,
            82.80320930480957,
            74.6074104309082,
            48.084865951538085,
            17.267921457290647,
            8.824756145477295
        ],
        "summary": [
            82.76423645019531,
            195.19117736816406,
            0.0,
            85.1326904296875,
            81.14329528808594
        ]
    },
    "info": {
        "tech": {
            "percentiles": [
                99.9,
                99.0,
                95.0,
                75.0,
                50.0,
                25.0,
                5.0,
                1.0,
                0.1
            ],
            "summary": [
                "median",
                "max",
                "min",
                "mean absolute max",
                "mean absolute min"
            ]
        },
        "title": "From sh_ranges/hurs/hurs_CSIRO_ACCESS-ESM1-5_historical_00-01"
    }
}