{
    "data": {
        "percentiles": [
            133.7323348999026,
            121.05820083618161,
            109.12194442749023,
            95.61079788208008,
            82.41169738769531,
            72.74520874023438,
            43.00571823120117,
            13.20029067993164,
            6.7765425682067875
        ],
        "summary": [
            82.44170379638672,
            172.28916931152344,
            4.999999523162842,
            85.33187866210938,
            80.03937530517578
        ]
    },
    "info": {
        "tech": {
            "percentiles": [
                99.9,
                99.0,
                95.0,
                75.0,
                50.0,
                25.0,
                5.0,
                1.0,
                0.1
            ],
            "summary": [
                "median",
                "max",
                "min",
                "mean absolute max",
                "mean absolute min"
            ]
        },
        "title": "From sh_ranges/hurs/hurs_MPI-M_MPI-ESM1-2-LR_historical_00-01"
    }
}