{
    "data": {
        "percentiles": [
            164.17323961639443,
            108.72825725555421,
            101.39166049957275,
            94.0845775604248,
            83.98457145690918,
            75.84413242340088,
            49.46302204132081,
            17.34606671333313,
            8.294624943256379
        ],
        "summary": [
            84.042236328125,
            737.9554443359375,
            -3.5631186962127686,
            84.16606140136719,
            81.68585968017578
        ]
    },
    "info": {
        "tech": {
            "percentiles": [
                99.9,
                99.0,
                95.0,
                75.0,
                50.0,
                25.0,
                5.0,
                1.0,
                0.1
            ],
            "summary": [
                "median",
                "max",
                "min",
                "mean absolute max",
                "mean absolute min"
            ]
        },
        "title": "From sh_ranges/hurs/hurs_NOAA-GFDL_GFDL-ESM4_historical_00-01"
    }
}