{
    "data": {
        "percentiles": [
            139.11712069702344,
            116.47760692596435,
            102.98620319366454,
            94.47883701324463,
            85.33734321594238,
            78.34967613220215,
            45.50952043533326,
            14.111356225013733,
            7.003632573127747
        ],
        "summary": [
            85.46322631835938,
            257.6232604980469,
            1.1592007875442505,
            86.17915344238281,
            81.6081771850586
        ]
    },
    "info": {
        "tech": {
            "percentiles": [
                99.9,
                99.0,
                95.0,
                75.0,
                50.0,
                25.0,
                5.0,
                1.0,
                0.1
            ],
            "summary": [
                "median",
                "max",
                "min",
                "mean absolute max",
                "mean absolute min"
            ]
        },
        "title": "From sh_ranges/hurs/hurs_MRI_MRI-ESM2-0_historical_00-01"
    }
}