{
    "data": {
        "percentiles": [
            139.85776490783758,
            122.83739871978761,
            111.01377735137937,
            93.76872062683105,
            82.31425094604492,
            73.01040935516357,
            45.49403610229493,
            19.30364972114563,
            10.333822835445403
        ],
        "summary": [
            82.38491821289062,
            299.6421813964844,
            3.3225088119506836,
            84.83295440673828,
            80.88794708251953
        ]
    },
    "info": {
        "tech": {
            "percentiles": [
                99.9,
                99.0,
                95.0,
                75.0,
                50.0,
                25.0,
                5.0,
                1.0,
                0.1
            ],
            "summary": [
                "median",
                "max",
                "min",
                "mean absolute max",
                "mean absolute min"
            ]
        },
        "title": "From sh_ranges/hurs/hurs_NCC_NorESM2-LM_historical_00-01"
    }
}