{
    "data": {
        "percentiles": [
            171.66701080322292,
            136.29303970336923,
            112.16087341308594,
            94.57760429382324,
            82.98025512695312,
            74.6052131652832,
            50.796199798583984,
            21.24809427261353,
            10.203927283287047
        ],
        "summary": [
            83.24404907226562,
            4996.7890625,
            2.6219592094421387,
            86.12397766113281,
            84.54009246826172
        ]
    },
    "info": {
        "tech": {
            "percentiles": [
                99.9,
                99.0,
                95.0,
                75.0,
                50.0,
                25.0,
                5.0,
                1.0,
                0.1
            ],
            "summary": [
                "median",
                "max",
                "min",
                "mean absolute max",
                "mean absolute min"
            ]
        },
        "title": "From sh_ranges/hurs/hurs_SNU_SAM0-UNICON_historical_00-01"
    }
}