{
    "data": {
        "percentiles": [
            129.65083457946866,
            117.92224903106691,
            108.2322883605957,
            93.3890495300293,
            83.5982837677002,
            75.12835216522217,
            46.2610821723938,
            19.751129722595216,
            10.357009325027466
        ],
        "summary": [
            83.63064575195312,
            294.4203186035156,
            2.6801140308380127,
            85.81222534179688,
            81.14423370361328
        ]
    },
    "info": {
        "tech": {
            "percentiles": [
                99.9,
                99.0,
                95.0,
                75.0,
                50.0,
                25.0,
                5.0,
                1.0,
                0.1
            ],
            "summary": [
                "median",
                "max",
                "min",
                "mean absolute max",
                "mean absolute min"
            ]
        },
        "title": "From sh_ranges/hurs/hurs_NCAR_CESM2-WACCM_historical_00-01"
    }
}