{
    "data": {
        "percentiles": [
            134.2159446792605,
            119.8203905105591,
            109.27541847229003,
            93.6773624420166,
            83.62272834777832,
            74.97148990631104,
            47.639480686187746,
            20.79397313117981,
            10.724037994384766
        ],
        "summary": [
            83.67459106445312,
            289.5316467285156,
            3.022491216659546,
            86.00204467773438,
            81.21083068847656
        ]
    },
    "info": {
        "tech": {
            "percentiles": [
                99.9,
                99.0,
                95.0,
                75.0,
                50.0,
                25.0,
                5.0,
                1.0,
                0.1
            ],
            "summary": [
                "median",
                "max",
                "min",
                "mean absolute max",
                "mean absolute min"
            ]
        },
        "title": "From sh_ranges/hurs/hurs_NCAR_CESM2-FV2_historical_00-01"
    }
}