{
    "data": {
        "percentiles": [
            100.44446825790416,
            98.67959041595458,
            96.42301731109619,
            89.51755619049072,
            82.23932647705078,
            72.38604927062988,
            39.21558742523193,
            12.060141825675963,
            4.519206019163132
        ],
        "summary": [
            82.30584716796875,
            146.61415100097656,
            0.0,
            80.83877563476562,
            76.02656555175781
        ]
    },
    "info": {
        "tech": {
            "percentiles": [
                99.9,
                99.0,
                95.0,
                75.0,
                50.0,
                25.0,
                5.0,
                1.0,
                0.1
            ],
            "summary": [
                "median",
                "max",
                "min",
                "mean absolute max",
                "mean absolute min"
            ]
        },
        "title": "From sh_ranges/hurs/hurs_INM_INM-CM4-8_historical_00-01"
    }
}