{
    "data": {
        "BCC_BCC-CSM2-MR_historical": {
            "file_summary": [
                0.125,
                0.125,
                2.75
            ],
            "percentiles": [
                0.021143938841298292,
                0.02000206082127988,
                0.01948895690962673,
                0.0178588658105582,
                0.01669963290914893,
                0.01228462578728795,
                0.004881790024228394,
                0.0018733766628429294,
                0.0004023396060802043,
                0.00010215580350632085,
                2.1211195999057964e-05,
                1.594506981291488e-05,
                1.1016369606295484e-05
            ],
            "summary": [
                0.004883671761490405,
                0.13141030073165894,
                1.1007695093212533e-06,
                0.008255002088844776,
                0.006452090106904507
            ]
        },
        "CAS_FGOALS-g3_historical": {
            "file_summary": [
                0.125,
                0.125,
                18.375
            ],
            "percentiles": [
                0.02028936276398603,
                0.01961047494783997,
                0.01925039519555867,
                0.01803095573559403,
                0.0169582293368876,
                0.012894855113700032,
                0.006082163541577756,
                0.0023827008553780615,
                0.00032736661814851685,
                9.266032502637246e-05,
                1.9543535518096182e-05,
                1.4043102826235554e-05,
                8.55816683588273e-06
            ],
            "summary": [
                0.006038430379703641,
                0.031131157651543617,
                9.36496178383095e-08,
                0.008793484419584274,
                0.007012749556452036
            ]
        },
        "CNRM-CERFACS_CNRM-CM6-1_historical": {
            "file_summary": [
                0.125,
                0.125,
                1.125
            ],
            "percentiles": [
                0.01950121072959164,
                0.018806393723934892,
                0.018455233555287116,
                0.01727468832395971,
                0.016121056489646436,
                0.011765802628360689,
                0.0049296466168016195,
                0.00140073370130267,
                0.000226426859444473,
                3.76062289433321e-05,
                4.229674914313364e-06,
                2.7423809416404768e-06,
                1.509642479845752e-06
            ],
            "summary": [
                0.004884869325906038,
                0.029047805815935135,
                8.057878808642727e-09,
                0.008205902762711048,
                0.00614936975762248
            ]
        },
        "CNRM-CERFACS_CNRM-ESM2-1_historical": {
            "file_summary": [
                0.125,
                0.125,
                1.125
            ],
            "percentiles": [
                0.019952856853604324,
                0.019260149956680836,
                0.018901218837127087,
                0.017711774911731478,
                0.016551801748573777,
                0.012104232213459909,
                0.0052089240634813905,
                0.001624443510081619,
                0.0002828987344400957,
                4.642100993805799e-05,
                5.215557725932741e-06,
                3.32512279896946e-06,
                1.8285046692767539e-06
            ],
            "summary": [
                0.0051787057891488075,
                0.02788662351667881,
                1.2782725100635162e-08,
                0.00855561625212431,
                0.006382529158145189
            ]
        },
        "CSIRO-ARCCSS_ACCESS-CM2_historical": {
            "file_summary": [
                0.125,
                0.125,
                0.75
            ],
            "percentiles": [
                0.02120188646763571,
                0.020093828812241553,
                0.019598990706726906,
                0.018196122907102104,
                0.017111010011285545,
                0.012346434174105525,
                0.005037189926952124,
                0.001640298796701245,
                0.0003372434206539767,
                7.723572489339858e-05,
                1.774164585185645e-05,
                1.1797616407420719e-05,
                6.152486436803884e-06
            ],
            "summary": [
                0.00502195511944592,
                0.03400461748242378,
                -0.0001347627694485709,
                0.008405981585383415,
                0.006602737586945295
            ]
        },
        "CSIRO_ACCESS-ESM1-5_historical": {
            "file_summary": [
                0.125,
                0.125,
                0.75
            ],
            "percentiles": [
                0.024857886806130464,
                0.022051360043697066,
                0.020902576632797723,
                0.01899771336466074,
                0.017772477213293315,
                0.013130795559845865,
                0.005549813853576779,
                0.0018204170773969963,
                0.000311981923005078,
                9.64088125328999e-05,
                3.176579833962023e-05,
                2.49008519540439e-05,
                1.690908446562389e-05
            ],
            "summary": [
                0.005466134985908866,
                0.061456914991140366,
                -0.0013722083531320095,
                0.008982989005744457,
                0.006937630008906126
            ]
        },
        "HAMMOZ-Consortium_MPI-ESM-1-2-HAM_historical": {
            "file_summary": [
                0.125,
                0.125,
                1.125
            ],
            "percentiles": [
                0.018413534723222342,
                0.01740217745304109,
                0.0169730670005083,
                0.015849530510604382,
                0.01511726947501302,
                0.011789059266448021,
                0.0052195272874087095,
                0.0018347542500123382,
                0.00034994302841369085,
                9.235600009560585e-05,
                3.071745471970644e-05,
                2.3826317374187056e-05,
                1.619331305846572e-05
            ],
            "summary": [
                0.005199030507355928,
                0.03364606201648712,
                5.356837391445879e-07,
                0.008037840016186237,
                0.006177964620292187
            ]
        },
        "MIROC_MIROC6_historical": {
            "file_summary": [
                0.125,
                0.125,
                20.625
            ],
            "percentiles": [
                0.021447746367193786,
                0.02046462400816381,
                0.02000488239340483,
                0.018688903050497172,
                0.017504385486245156,
                0.012729983776807785,
                0.0057042528642341495,
                0.0022286336170509458,
                0.0005399258254328743,
                0.00013249659350549338,
                3.048329994271626e-05,
                2.2506637833430432e-05,
                1.4093347516336507e-05
            ],
            "summary": [
                0.005685434211045504,
                0.032894015312194824,
                3.321301562664303e-07,
                0.00929192453622818,
                0.006889659911394119
            ]
        },
        "MPI-M_MPI-ESM1-2-HR_historical": {
            "file_summary": [
                0.125,
                0.125,
                4.125
            ],