{
    "data": {
        "AWI_AWI-CM-1-1-MR_historical": {
            "file_summary": [
                0.125,
                0.125,
                20.625
            ],
            "percentiles": [
                0.0009681663332448815,
                0.0006382670806488058,
                0.0004906202270649363,
                0.00015947326355671935,
                5.808317564515168e-05,
                8.986511716102541e-06,
                4.933498018999671e-07,
                2.568982996979923e-14,
                2.5878432731276094e-18,
                2.465094328285565e-18,
                2.149830493386668e-18,
                2.042306185636804e-18,
                1.69613908638426e-18
            ],
            "summary": [
                4.922756602354639e-07,
                0.00557861989364028,
                1.2152045238543291e-18,
                3.6841989640379325e-05,
                2.0170693460386246e-05
            ]
        },
        "BCC_BCC-CSM2-MR_historical": {
            "file_summary": [
                0.125,
                0.125,
                2.75
            ],
            "percentiles": [
                0.001671845840872487,
                0.0006344126568001186,
                0.00041730629367521126,
                0.0001286770653678099,
                6.15527183981612e-05,
                1.1493917099869577e-05,
                1.140587841064189e-06,
                9.264068290271155e-09,
                5.962701346295208e-29,
                5.58011506191613e-29,
                4.239849386163489e-29,
                3.7960557210656815e-29,
                0.0
            ],
            "summary": [
                1.141745173072195e-06,
                0.013614869676530361,
                0.0,
                3.6940960853826255e-05,
                2.117631993314717e-05
            ]
        },
        "CAS_FGOALS-g3_historical": {
            "file_summary": [
                0.125,
                0.125,
                18.375
            ],
            "percentiles": [
                0.0016293807869661035,
                0.0007280548833659777,
                0.00047299590791226396,
                0.0001224491679749914,
                5.209571809245977e-05,
                1.0477121577423532e-05,
                1.3694374842998513e-06,
                3.1644987075196696e-08,
                5.169183901450675e-13,
                1.3707112760055311e-15,
                0.0,
                0.0,
                0.0
            ],
            "summary": [
                1.3639953522215365e-06,
                0.00913802906870842,
                0.0,
                4.13081215810962e-05,
                2.216325083281845e-05
            ]
        },
        "CNRM-CERFACS_CNRM-CM6-1_historical": {
            "file_summary": [
                0.125,
                0.125,
                2.125
            ],
            "percentiles": [
                0.0009883770952001346,
                0.0006358147114224274,
                0.0004780952421424417,
                0.00014753728901268894,
                5.858888926013604e-05,
                1.0754594427453412e-05,
                1.2321529823111632e-06,
                7.456691875074029e-09,
                4.557171648055008e-25,
                3.9758721356747197e-26,
                5.675675368652672e-30,
                1.419017522474768e-32,
                1.6162576487522449e-44
            ],
            "summary": [
                1.228139694831043e-06,
                0.004312124568969011,
                0.0,
                3.382381328265183e-05,
                2.173089887946844e-05
            ]
        },
        "CNRM-CERFACS_CNRM-ESM2-1_historical": {
            "file_summary": [
                0.125,
                0.125,
                2.125
            ],
            "percentiles": [
                0.0010066432669991708,
                0.000647785187466074,
                0.000486768106638919,
                0.0001498811408964684,
                5.963599560345753e-05,
                1.1068519711443514e-05,
                1.2931594426390802e-06,
                6.93588275701984e-09,
                4.0801614609489313e-25,
                3.509148952076966e-26,
                4.631034299247536e-30,
                1.0625164397190302e-32,
                1.2285183636735675e-44
            ],
            "summary": [
                1.290748684823484e-06,
                0.004393684212118387,
                0.0,
                3.572191781131551e-05,
                2.260692053823732e-05
            ]
        },
        "CSIRO-ARCCSS_ACCESS-CM2_historical": {
            "file_summary": [
                0.125,
                0.125,
                0.75
            ],
            "percentiles": [
                0.0013942568984931175,
                0.000689894351380642,
                0.00047436204462428477,
                0.00014503553902613916,
                6.341650696413124e-05,
                1.2404920880726422e-05,
                1.5622461830844259e-06,
                8.660068040455826e-08,
                3.139545448702793e-12,
                0.0,
                0.0,
                0.0,
                0.0
            ],
            "summary": [
                1.5716583163793985e-06,
                0.020000122487545013,
                0.0,
                3.6315435863798484e-05,
                2.3376995159196667e-05
            ]
        },
        "CSIRO_ACCESS-ESM1-5_historical": {
            "file_summary": [
                0.125,
                0.125,
                0.75
            ],
            "percentiles": [
                0.0011493572911713485,
                0.0006078945875924558,
                0.0004321769467787822,
                0.00014852071726636492,
                6.947244073671758e-05,
                1.8577300352262682e-05,
                3.7539285813181777e-06,
                1.516598970852101e-07,
                0.0,
                0.0,
                0.0,
                0.0,
                0.0
            ],
            "summary": [
                3.733839832875674e-06,
                0.009553340263664722,
                -5.928387558640225e-09,
                3.906085476046428e-05,
                2.414427035546396e-05
            ]
        },
        "HAMMOZ-Consortium_MPI-ESM-1-2-HAM_historical": {
            "file_summary": [
                0.125,
                0.125,
                1.125
            ],
            "percentiles": [
                0.0007789761833555788,
                0.0005525410419795675,
                0.0004453720545279783,
                0.00017174549866467726,
                7.160957029555012e-05,
                9.515839337836951e-06,
                4.273606464266777e-07,
                4.425728331044784e-18,
                4.425728331044784e-18,
                4.425728331044784e-18,
                4.425728331044784e-18,
                4.425728331044784e-18,
                4.425728331044784e-18
            ],
            "summary": [
                4.3370528146624565e-07,
                0.0032121373806148767,
                3.7097052831823976e-18,
                3.599454794311896e-05,
                2.088547444145661e-05
            ]
        },
        "IPSL_IPSL-CM6A-LR_historical": {
            "file_summary": [
                0.125,
                0.125,
                0.25
            ],
            "percentiles": [
                0.0012298581473297004,
                0.0006035368009179255,
                0.00040165477053960796,
                0.0001311248688580236,
                7.298366508621265e-05,
                1.6544454183531343e-05,
                6.761172670621818e-07,
                0.0,
                0.0,
                0.0,
                0.0,
                0.0,
                0.0
            ],