{
    "data": {
        "AWI_AWI-CM-1-1-MR_historical": {
            "file_summary": [
                0.125,
                0.125,
                20.625
            ],
            "percentiles": [
                19.452190443992624,
                16.59162471294404,
                15.093797721862787,
                10.481039166450493,
                7.664163565635682,
                3.1828266084194183,
                -0.30697599798440933,
                -3.7507577538490295,
                -6.93350613117218,
                -8.458955764770508,
                -11.44336464881897,
                -12.908708324432373,
                -16.503571100234986
            ],
            "summary": [
                -0.3070463091135025,
                40.52129364013672,
                -43.365882873535156,
                5.22299861907959,
                3.6476619243621826
            ]
        },
        "BCC_BCC-CSM2-MR_historical": {
            "file_summary": [
                0.125,
                0.125,
                2.75
            ],
            "percentiles": [
                18.596866908073736,
                16.07759776592252,
                14.755772528648379,
                10.51101257801055,
                7.705065464973449,
                3.3185877203941345,
                -0.2538767233490944,
                -3.817134201526642,
                -6.788306522369385,
                -8.27832109928131,
                -11.13440728187561,
                -12.447273447513581,
                -15.678710815906523
            ],
            "summary": [
                -0.25658462941646576,
                34.5286750793457,
                -39.987548828125,
                5.192075729370117,
                3.723578691482544
            ]
        },
        "CNRM-CERFACS_CNRM-CM6-1_historical": {
            "file_summary": [
                0.125,
                0.125,
                2.125
            ],
            "percentiles": [
                18.431539297104145,
                15.93021584987641,
                14.589767174720757,
                10.19290280342102,
                7.356997942924499,
                3.019016295671463,
                -0.37724652886390686,
                -3.7958544492721558,
                -7.0205912590026855,
                -8.700396943092347,
                -11.930066232681275,
                -13.460841238498688,
                -16.89636842250824
            ],
            "summary": [
                -0.3783056139945984,
                35.81547546386719,
                -39.58631134033203,
                5.11820650100708,
                3.6764559745788574
            ]
        },
        "CNRM-CERFACS_CNRM-ESM2-1_historical": {
            "file_summary": [
                0.125,
                0.125,
                2.125
            ],
            "percentiles": [
                18.395342749595756,
                15.889708070755006,
                14.542582235336297,
                10.175046944618217,
                7.358860468864439,
                3.019612193107605,
                -0.37608881294727325,
                -3.7872878909111023,
                -7.0059042215347285,
                -8.683544516563416,
                -11.93301917552948,
                -13.46911218881607,
                -16.880475335121155
            ],
            "summary": [
                -0.3735406994819641,
                37.535030364990234,
                -42.42332077026367,
                5.0444488525390625,
                3.6966657638549805
            ]
        },
        "CSIRO-ARCCSS_ACCESS-CM2_historical": {
            "file_summary": [
                0.125,
                0.125,
                0.75
            ],
            "percentiles": [
                18.033894042968825,
                15.622331542968745,
                14.334853515624985,
                10.189404296874994,
                7.5181152343749975,
                3.04296875,
                -0.36328125,
                -3.854736328125,
                -7.1435546875,
                -8.683251953125,
                -11.7012646484375,
                -13.16843505859375,
                -16.388019531250002
            ],
            "summary": [
                -0.3646240234375,
                37.4970703125,
                -39.30078125,
                5.12720251083374,
                3.6600091457366943
            ]
        },
        "CSIRO_ACCESS-ESM1-5_historical": {
            "file_summary": [
                0.125,
                0.125,
                0.75
            ],
            "percentiles": [
                18.002426034927574,
                15.502126679420478,
                14.193572568893433,
                10.116073203086849,
                7.515248823165895,
                3.12334081530571,
                -0.4805031046271324,
                -4.220395803451538,
                -7.342188024520874,
                -8.949926614761353,
                -12.930729217529297,
                -14.899719200134278,
                -19.21026471042633
            ],
            "summary": [
                -0.4764140769839287,
                36.880123138427734,
                -51.61355209350586,
                5.319126129150391,
                3.7608022689819336
            ]
        },
        "HAMMOZ-Consortium_MPI-ESM-1-2-HAM_historical": {
            "file_summary": [
                0.125,
                0.125,
                1.125
            ],
            "percentiles": [
                18.825369750976684,
                15.989580993652396,
                14.52229930877685,
                10.088302612304695,
                7.360177612304696,
                3.0660171508789062,
                -0.3554840087890625,
                -3.6977615356445312,
                -6.811674499511719,
                -8.419398498535156,
                -11.496587524414062,
                -12.986467895507811,
                -16.448113403320313
            ],
            "summary": [
                -0.3490142822265625,
                39.447784423828125,
                -41.43788146972656,
                5.021100044250488,
                3.643094062805176
            ]
        },
        "IPSL_IPSL-CM6A-LR_historical": {
            "file_summary": [
                0.125,
                0.125,
                0.25
            ],
            "percentiles": [
                17.748092858314777,
                15.027581686973551,
                13.589161734580994,
                9.244578814506532,
                6.716463899612426,
                2.7837752401828766,
                -0.38790755718946457,
                -3.742973268032074,
                -6.671070456504823,
                -8.04284806251526,
                -10.803290662765503,
                -12.138714442253114,
                -15.079800524234772
            ],
            "summary": [
                -0.39037036895751953,
                36.84361267089844,
                -32.653480529785156,
                4.775818347930908,
                3.481299638748169
            ]
        },
        "MIROC_MIROC6_historical": {
            "file_summary": [
                0.125,
                0.125,
                20.625
            ],
            "percentiles": [
                19.505204169273867,
                16.176132969856265,
                14.50064678192138,
                9.599408364295957,
                6.7589730262756325,
                2.6444399058818817,
                -0.18867462500929832,
                -3.3443388044834137,
                -6.581076741218567,
                -8.122611045837402,
                -11.051403813362121,
                -12.648883996009825,
                -16.5599337682724
            ],