{
    "data": {
        "AWI_AWI-CM-1-1-MR_historical": {
            "file_summary": [
                0.125,
                0.125,
                20.625
            ],
            "percentiles": [
                16.32585878467561,
                13.302448601722723,
                11.799997830390923,
                7.881230783462522,
                5.999074149131776,
                3.0926752984523773,
                0.26360830664634705,
                -2.5170114636421204,
                -5.688685178756714,
                -7.868474233150481,
                -12.309020447731017,
                -13.89347787618637,
                -16.877102201461792
            ],
            "summary": [
                0.2621941864490509,
                39.10034942626953,
                -40.00326919555664,
                4.430273056030273,
                2.8765153884887695
            ]
        },
        "BCC_BCC-CSM2-MR_historical": {
            "file_summary": [
                0.125,
                0.125,
                2.75
            ],
            "percentiles": [
                15.890079740524698,
                12.885074925422652,
                11.407006578445442,
                7.660374689102171,
                5.882829451560973,
                3.011697620153427,
                0.0880684070289135,
                -2.692006081342697,
                -5.707410359382629,
                -7.788468849658966,
                -12.306007370948791,
                -13.889724414348603,
                -16.751740036964417
            ],
            "summary": [
                0.0914530623704195,
                38.52377700805664,
                -37.151859283447266,
                4.414039611816406,
                2.938943862915039
            ]
        },
        "CNRM-CERFACS_CNRM-CM6-1_historical": {
            "file_summary": [
                0.125,
                0.125,
                2.125
            ],
            "percentiles": [
                16.381197229385865,
                13.380489904880541,
                11.867402710914595,
                7.940524554252621,
                6.033945226669312,
                3.0417811572551727,
                0.1762266829609871,
                -2.680429309606552,
                -5.827560400962829,
                -8.049710869789124,
                -12.746359758377075,
                -14.366960978507997,
                -17.30483389854431
            ],
            "summary": [
                0.17524124681949615,
                35.53810119628906,
                -42.02927780151367,
                4.436575412750244,
                2.8754067420959473
            ]
        },
        "CNRM-CERFACS_CNRM-ESM2-1_historical": {
            "file_summary": [
                0.125,
                0.125,
                2.125
            ],
            "percentiles": [
                16.413341675758403,
                13.403250110149385,
                11.889459185600263,
                7.939417326450346,
                6.019781303405761,
                3.017648696899414,
                0.168201494961977,
                -2.6765429973602295,
                -5.823343253135681,
                -8.046023035049437,
                -12.698195195198059,
                -14.314015986919403,
                -17.2564764251709
            ],
            "summary": [
                0.1713910549879074,
                40.80821990966797,
                -37.78645706176758,
                4.428096771240234,
                3.0045995712280273
            ]
        },
        "CSIRO-ARCCSS_ACCESS-CM2_historical": {
            "file_summary": [
                0.125,
                0.125,
                0.75
            ],
            "percentiles": [
                16.33329687500013,
                13.4216845703125,
                11.961416015625005,
                8.098730468749999,
                6.182714843750002,
                3.05859375,
                0.09814453125,
                -2.776611328125,
                -5.98056640625,
                -8.11728515625,
                -12.2909619140625,
                -13.73891357421875,
                -16.40898828125
            ],
            "summary": [
                0.0941162109375,
                38.69921875,
                -41.6435546875,
                4.561899662017822,
                2.974086284637451
            ]
        },
        "CSIRO_ACCESS-ESM1-5_historical": {
            "file_summary": [
                0.125,
                0.125,
                0.75
            ],
            "percentiles": [
                17.450002488136356,
                13.920114843845354,
                12.336763262748713,
                8.239940285682675,
                6.2191829681396475,
                3.1409542858600616,
                0.11514095403254032,
                -2.8726006150245667,
                -6.0250071525573725,
                -8.132510375976562,
                -12.098882360458374,
                -13.491462206840515,
                -16.251876609802245
            ],
            "summary": [
                0.12135399505496025,
                48.94179916381836,
                -42.08469009399414,
                4.615346908569336,
                3.135554552078247
            ]
        },
        "HAMMOZ-Consortium_MPI-ESM-1-2-HAM_historical": {
            "file_summary": [
                0.125,
                0.125,
                1.125
            ],
            "percentiles": [
                16.27206726074261,
                13.236133422851623,
                11.736258850097649,
                7.867758178710941,
                5.976956176757813,
                3.0121994018554688,
                0.16878509521484375,
                -2.59881591796875,
                -5.629122924804687,
                -7.715299987792969,
                -12.100337524414062,
                -13.689371337890623,
                -16.70854522705078
            ],
            "summary": [
                0.17089080810546875,
                41.46746826171875,
                -39.159820556640625,
                4.338871955871582,
                2.91652512550354
            ]
        },
        "IPSL_IPSL-CM6A-LR_historical": {
            "file_summary": [
                0.125,
                0.125,
                0.375
            ],
            "percentiles": [
                15.438063039303215,
                12.766147541999786,
                11.408341484069824,
                7.714374399185185,
                5.8835747480392495,
                2.904364436864853,
                0.14076822623610497,
                -2.4847550094127655,
                -5.512556719779968,
                -7.4550341963768005,
                -11.138137693405152,
                -12.470895466804503,
                -15.118338449954987
            ],
            "summary": [
                0.13589660078287125,
                34.00715637207031,
                -36.746620178222656,
                4.015343189239502,
                2.9435553550720215
            ]
        },
        "MIROC_MIROC6_historical": {
            "file_summary": [
                0.125,
                0.125,
                20.625
            ],
            "percentiles": [
                17.074465864181708,
                13.443798182010665,
                11.705488414764389,
                7.421699225902555,
                5.502431154251099,
                2.7284340858459473,
                0.12092493660748005,
                -2.2609841227531433,
                -5.27814061641693,
                -7.523837172985076,
                -12.175417323112487,
                -13.868754937648774,
                -17.212926425933837
            ],