{
    "data": {
        "BCC_BCC-CSM2-MR_historical": {
            "percentiles": [
                93721.52885156292,
                91739.73738281248,
                90870.27734375,
                87990.6765625,
                85594.190234375,
                79333.6826171875,
                61655.6083984375,
                23053.62744140625,
                6891.672583007814,
                2771.136364746094,
                277.63860549926756,
                0.0,
                0.0
            ],
            "summary": [
                62482.03515625,
                101005.78125,
                0.0,
                56936.37890625,
                49081.80859375
            ]
        },
        "BCC_BCC-ESM1_historical": {
            "percentiles": [
                93541.69849609389,
                92276.93556640625,
                91359.6207421875,
                87685.5126953125,
                84700.23515625001,
                77374.6826171875,
                59020.48046875,
                23389.45849609375,
                6819.616870117188,
                2715.7557861328123,
                256.9581947326659,
                0.0,
                0.0
            ],
            "summary": [
                59189.1640625,
                98771.7890625,
                0.0,
                54727.1953125,
                48282.375
            ]
        },
        "CNRM-CERFACS_CNRM-CM6-1_historical": {
            "percentiles": [
                101430.3590625,
                100920.109375,
                100628.54296875,
                99550.71464843751,
                97763.34062500001,
                95369.41796875,
                93763.9140625,
                90527.2333984375,
                75326.188671875,
                67558.234375,
                58598.881250000006,
                55133.613310546876,
                49105.808304687496
            ],
            "summary": [
                93767.9609375,
                106223.1875,
                32243.201171875,
                91214.9387755102,
                89777.99071778244
            ]
        },
        "CNRM-CERFACS_CNRM-ESM2-1_historical": {
            "percentiles": [
                101368.52748437501,
                100855.55859375,
                100577.97265625,
                99485.028515625,
                97690.42578125,
                95357.2216796875,
                93772.021484375,
                90299.00390625,
                74660.43515625,
                67327.71875,
                57973.3355859375,
                54710.16462890625,
                48945.19137890625
            ],
            "summary": [
                93775.2578125,
                105371.4765625,
                32417.11328125,
                91089.07684580612,
                89638.40040956068
            ]
        },
        "IPSL_IPSL-CM6A-LR_historical": {
            "percentiles": [
                101824.56251171874,
                101617.1957421875,
                101467.2084375,
                100887.2955078125,
                99721.1734375,
                96984.96484375,
                94927.626953125,
                92866.623046875,
                79783.24726562499,
                69184.475,
                61877.837890625,
                59970.3701171875,
                52240.34837109375
            ],
            "summary": [
                94900.796875,
                104845.390625,
                44763.66796875,
                93419.71875,
                91596.6328125
            ]
        },
        "MIROC_MIROC6_historical": {
            "percentiles": [
                101544.51770312504,
                101345.50390625,
                101214.1640625,
                100680.4595703125,
                98902.9984375,
                95237.05078125,
                93226.62890625,
                89731.73828125,
                72376.25703125,
                65887.0982421875,
                58965.3365625,
                56146.25415039063,
                49737.739767578125
            ],
            "summary": [
                93243.55078125,
                104112.1015625,
                36824.87890625,
                90961.171875,
                89232.6875
            ]
        },
        "MRI_MRI-ESM2-0_historical": {
            "percentiles": [
                100539.29765625004,
                99554.56937499999,
                99052.53902343751,
                97474.9380859375,
                96307.02695312501,
                95240.2841796875,
                94121.77734375,
                91477.4619140625,
                79789.79140625,
                72094.4669921875,
                60753.89083984375,
                55774.81848632812,
                46906.86097851562
            ],
            "summary": [
                94123.7734375,
                105304.4375,
                19586.943359375,
                91930.21656979862,
                89983.46310393041
            ]
        },
        "NASA-GISS_GISS-E2-1-G_historical": {
            "percentiles": [
                98024.47014062505,
                96825.5103125,
                96449.985078125,
                95606.700390625,
                94971.461328125,
                92581.08984375,
                84248.0234375,
                68840.17578125,
                58004.1953125,
                51887.283593750006,
                38313.00775390625,
                34605.19540039063,
                28024.098621093748
            ],
            "summary": [
                84284.0625,
                102719.1015625,
                10327.390625,
                81255.45815221686,
                78468.77841525817
            ]
        }
    },
    "info": {
        "drs": {
            "experiment": "historical",
            "var": "ccb"
        },
        "tech": {
            "percentiles": [
                99.9,
                99.5,
                99.0,
                95.0,
                90,
                75.0,
                50.0,
                25.0,
                10.0,
                5.0,
                1.0,
                0.5,
                0.1
            ],
            "summary": [
                "median",
                "max",
                "min",
                "mean absolute max",
                "mean absolute min"
            ]
        },
        "title": "aggregation across json_ranges/ccb"
    }
}