{
    "data": {
        "BCC_BCC-CSM2-MR_historical": {
            "percentiles": [
                85324.62233593769,
                82523.30828124996,
                80806.49027343752,
                74562.6580078125,
                70406.108203125,
                62086.81494140625,
                41480.0068359375,
                19108.192626953125,
                5927.689648437501,
                2481.5189819335938,
                259.5124429321289,
                0.0,
                0.0
            ],
            "summary": [
                42702.3203125,
                97775.1875,
                0.0,
                43235.48828125,
                37898.28515625
            ]
        },
        "BCC_BCC-ESM1_historical": {
            "percentiles": [
                82963.28770703144,
                79734.25158203127,
                77807.30070312502,
                70919.44374999999,
                66456.601171875,
                57025.38330078125,
                34911.13671875,
                17754.991943359375,
                5750.447778320313,
                2413.50439453125,
                235.74042655944822,
                0.0,
                0.0
            ],
            "summary": [
                35320.84375,
                93398.9296875,
                0.0,
                38993.265625,
                34393.25
            ]
        },
        "CNRM-CERFACS_CNRM-CM6-1_historical": {
            "percentiles": [
                100262.88605859385,
                99601.0001953125,
                99241.509375,
                97767.26640625,
                95312.08085937501,
                84717.4375,
                76870.998046875,
                68839.0283203125,
                59203.534765624994,
                52124.70283203125,
                43207.13423828124,
                41036.166796875,
                36360.78081640625
            ],
            "summary": [
                76871.34375,
                105451.078125,
                21499.07421875,
                78213.64334283835,
                74027.85962205939
            ]
        },
        "CNRM-CERFACS_CNRM-ESM2-1_historical": {
            "percentiles": [
                100174.48253125002,
                99503.42578125,
                99139.53515625,
                97597.86171875,
                95118.65937499999,
                84219.8388671875,
                76571.00390625,
                68525.740234375,
                58900.3505859375,
                51507.67021484375,
                42571.5709375,
                40486.14032226562,
                36218.837109374996
            ],
            "summary": [
                76538.0234375,
                105353.28125,
                19011.802734375,
                77773.82065098894,
                73704.80776251321
            ]
        },
        "IPSL_IPSL-CM6A-LR_historical": {
            "percentiles": [
                101379.2855820313,
                101086.90019531248,
                100884.3111328125,
                100118.805859375,
                98098.12773437501,
                88695.56640625,
                77543.53515625,
                65540.689453125,
                32009.3544921875,
                16345.528393554687,
                11938.821240234374,
                11350.494438476562,
                10591.358131835937
            ],
            "summary": [
                77035.2109375,
                104588.2734375,
                8289.0400390625,
                75461.1640625,
                68753.421875
            ]
        },
        "MIROC_MIROC6_historical": {
            "percentiles": [
                99796.21953515626,
                99201.37203125001,
                98858.5068359375,
                97554.29375000001,
                95271.303125,
                85538.111328125,
                77132.39453125,
                65624.4365234375,
                50609.4521484375,
                44185.436328125,
                37302.71359375,
                35524.627548828124,
                32252.789158203122
            ],
            "summary": [
                77072.8515625,
                103878.1015625,
                16268.671875,
                77202.41884197753,
                72375.61324667286
            ]
        },
        "MRI_MRI-ESM2-0_historical": {
            "percentiles": [
                91016.7695625,
                90074.9291796875,
                89365.81324218749,
                86781.657421875,
                84995.7953125,
                81320.38671875,
                74846.693359375,
                62893.625,
                43500.680859375,
                32422.257714843756,
                23558.43318359375,
                21755.740327148436,
                18892.68867480469
            ],
            "summary": [
                74781.8125,
                94610.640625,
                8712.60546875,
                71467.52965192575,
                67741.57376178462
            ]
        },
        "NASA-GISS_GISS-E2-1-G_historical": {
            "percentiles": [
                92047.80499609442,
                89451.88443359375,
                87846.65601562499,
                82144.71972656249,
                78845.99296875,
                73111.4833984375,
                64868.8955078125,
                53245.9794921875,
                37867.7294921875,
                31920.0943359375,
                25835.25421875,
                24176.251958007815,
                21096.98308984375
            ],
            "summary": [
                64901.984375,
                100374.8671875,
                9517.82421875,
                63934.37103512301,
                60265.46408494691
            ]
        }
    },
    "info": {
        "drs": {
            "experiment": "historical",
            "var": "cct"
        },
        "tech": {
            "percentiles": [
                99.9,
                99.5,
                99.0,
                95.0,
                90,
                75.0,
                50.0,
                25.0,
                10.0,
                5.0,
                1.0,
                0.5,
                0.1
            ],
            "summary": [
                "median",
                "max",
                "min",
                "mean absolute max",
                "mean absolute min"
            ]
        },
        "title": "aggregation across json_ranges/cct"
    }
}