{
    "data": {
        "BCC_BCC-CSM2-MR_historical": {
            "percentiles": [
                0.9960797429084778,
                0.9890232682228088,
                0.9837974560260775,
                0.9605324268341064,
                0.9395833611488342,
                0.8826388716697693,
                0.7196460366249084,
                0.3030358701944351,
                0.11637544631958008,
                0.049689180497080106,
                0.005354342749342322,
                0.0,
                0.0
            ],
            "summary": [
                0.7248842716217041,
                1.0,
                0.0,
                0.6563109755516052,
                0.5656005144119263
            ]
        },
        "BCC_BCC-ESM1_historical": {
            "percentiles": [
                1.0,
                0.9949073791503906,
                0.9893518686294556,
                0.9610214829444885,
                0.9347222447395325,
                0.8655914068222046,
                0.6960386633872986,
                0.3102785311639309,
                0.10580197013914587,
                0.04435483738780022,
                0.004480286967009306,
                0.0,
                0.0
            ],
            "summary": [
                0.6962365508079529,
                1.0,
                0.0,
                0.6319037675857544,
                0.5567302703857422
            ]
        },
        "CNRM-CERFACS_CNRM-CM6-1_historical": {
            "percentiles": [
                0.9117433947324801,
                0.862643380314112,
                0.8338418716192237,
                0.7480957314372061,
                0.7026209831237793,
                0.6179294362664223,
                0.48059309273958206,
                0.240148788318038,
                0.050222717970609676,
                0.005328500387258831,
                0.0,
                0.0,
                0.0
            ],
            "summary": [
                0.486559122800827,
                0.9996563792228699,
                0.0,
                0.45298323035240173,
                0.4049503803253174
            ]
        },
        "CNRM-CERFACS_CNRM-ESM2-1_historical": {
            "percentiles": [
                0.9109265023172002,
                0.8623060357570649,
                0.8343560588359833,
                0.7493055462837219,
                0.7042764693498612,
                0.6209960952401161,
                0.4878963679075241,
                0.2596925236284733,
                0.05275537818670273,
                0.006720430217683315,
                0.0,
                0.0,
                0.0
            ],
            "summary": [
                0.49361559748649597,
                0.9993279576301575,
                0.0,
                0.4590988755226135,
                0.40689706802368164
            ]
        },
        "IPSL_IPSL-CM6A-LR_historical": {
            "percentiles": [
                1.0,
                1.0,
                1.0,
                1.0,
                1.0,
                0.9850694537162781,
                0.6995967626571655,
                0.3874327838420868,
                0.07258064299821854,
                0.0,
                0.0,
                0.0,
                0.0
            ],
            "summary": [
                0.6999328136444092,
                1.0,
                0.0,
                0.6677482724189758,
                0.6094729900360107
            ]
        },
        "MRI_MRI-ESM2-0_historical": {
            "percentiles": [
                1.0,
                0.9986559152603149,
                0.9944444298744202,
                0.9583333134651184,
                0.9112007319927216,
                0.7652778029441833,
                0.4375,
                0.06527777761220932,
                0.0,
                0.0,
                0.0,
                0.0,
                0.0
            ],
            "summary": [
                0.43615591526031494,
                1.0,
                0.0,
                0.45920413732528687,
                0.4123837649822235
            ]
        },
        "NASA-GISS_GISS-E2-1-G_historical": {
            "percentiles": [
                1.0,
                1.0,
                1.0,
                1.0,
                1.0,
                0.8079636991024017,
                0.5034721791744232,
                0.10282257944345474,
                0.0013440860202535987,
                0.0,
                0.0,
                0.0,
                0.0
            ],
            "summary": [
                0.5023857057094574,
                1.0,
                0.0,
                0.5201016664505005,
                0.4599192440509796
            ]
        },
        "NCAR_CESM2-WACCM_historical": {
            "percentiles": [
                0.9979838728904724,
                0.975806474685669,
                0.9549731016159058,
                0.8381944298744202,
                0.7034721970558167,
                0.3776881694793701,
                0.11424731463193893,
                0.0,
                0.0,
                0.0,
                0.0,
                0.0,
                0.0
            ],
            "summary": [
                0.11290322244167328,
                1.0,
                0.0,
                0.26269376277923584,
                0.2069236934185028
            ]
        },
        "NCAR_CESM2_historical": {
            "percentiles": [
                0.9928507182002131,
                0.9659722447395325,
                0.9420842826366425,
                0.8192204236984253,
                0.6833333373069763,
                0.36962366104125977,
                0.11509856581687927,
                0.0,
                0.0,
                0.0,
                0.0,
                0.0,
                0.0
            ],
            "summary": [
                0.11323924735188484,
                1.0,
                0.0,
                0.25971242785453796,
                0.2056635469198227
            ]
        }
    },
    "info": {
        "drs": {
            "experiment": "historical",
            "var": "ci"
        },
        "tech": {
            "percentiles": [
                99.9,
                99.5,
                99.0,
                95.0,
                90,
                75.0,
                50.0,
                25.0,
                10.0,
                5.0,
                1.0,
                0.5,
                0.1
            ],
            "summary": [
                "median",
                "max",
                "min",
                "mean absolute max",
                "mean absolute min"
            ]
        },
        "title": "aggregation across json_ranges/ci"
    }
}