{
    "data": {
        "AS-RCEC_TaiESM1_historical": {
            "percentiles": [
                100.0,
                100.0,
                99.98639583587646,
                99.9000015258789,
                93.36428451538086,
                55.640822410583496,
                8.310140252113342,
                0.0,
                0.0
            ],
            "summary": [
                93.2298583984375,
                100.0,
                0.0,
                80.35802459716797,
                73.08407592773438
            ]
        },
        "BCC_BCC-CSM2-MR_historical": {
            "percentiles": [
                99.80164009094241,
                98.73787261962892,
                98.20933284759522,
                90.43818759918213,
                70.37002563476562,
                43.04078912734985,
                3.8833167672157303,
                0.0,
                0.0
            ],
            "summary": [
                70.83724975585938,
                99.99805450439453,
                0.0,
                67.6240005493164,
                59.233673095703125
            ]
        },
        "BCC_BCC-ESM1_historical": {
            "percentiles": [
                99.50668257904061,
                98.9307967376709,
                98.46746063232422,
                95.25143814086914,
                74.91553497314453,
                41.985154151916504,
                2.50031715631485,
                0.0,
                0.0
            ],
            "summary": [
                74.99620819091797,
                99.9814224243164,
                0.0,
                69.594970703125,
                61.750267028808594
            ]
        },
        "CAS_FGOALS-f3-L_historical": {
            "percentiles": [
                1.0,
                1.0,
                1.0,
                0.9727448225021362,
                0.786741316318512,
                0.4305744394659996,
                0.05934507930651309,
                0.0,
                0.0
            ],
            "summary": [
                0.7866145372390747,
                1.0,
                0.0,
                0.7162300944328308,
                0.6567206382751465
            ]
        },
        "CAS_FGOALS-g3_historical": {
            "percentiles": [
                100.0,
                99.46523918151854,
                95.87449302673339,
                75.49568557739258,
                53.58504676818848,
                33.55390167236328,
                12.715310382843018,
                2.6467187500000007,
                0.00016438181977719107
            ],
            "summary": [
                54.01831817626953,
                100.0,
                0.0,
                58.31455612182617,
                56.068931579589844
            ]
        },
        "CCCma_CanESM5_historical": {
            "percentiles": [
                100.00006866455078,
                100.00006866455078,
                100.00006866455078,
                99.80562973022461,
                82.0625228881836,
                44.70485544204712,
                0.5430555507540706,
                0.0,
                0.0
            ],
            "summary": [
                82.02777862548828,
                100.00006866455078,
                0.0,
                73.22625732421875,
                64.56732940673828
            ]
        },
        "CNRM-CERFACS_CNRM-CM6-1_historical": {
            "percentiles": [
                100.0,
                100.0,
                100.0,
                98.39558982849121,
                77.46493911743164,
                42.411526679992676,
                7.260038757324222,
                0.11849243551492693,
                0.0008502777405665258
            ],
            "summary": [
                77.1694564819336,
                100.0,
                9.999778782798785e-11,
                71.04051971435547,
                64.6534652709961
            ]
        },
        "CNRM-CERFACS_CNRM-ESM2-1_historical": {
            "percentiles": [
                100.0,
                100.0,
                100.0,
                98.46591758728027,
                77.29767608642578,
                42.71576976776123,
                7.0240430593490615,
                0.11615321040153503,
                0.0009997147631947885
            ],
            "summary": [
                77.1875991821289,
                100.0,
                9.999778782798785e-11,
                71.15753173828125,
                64.78346252441406
            ]
        },
        "CSIRO-ARCCSS_ACCESS-CM2_historical": {
            "percentiles": [
                100.0,
                100.0,
                100.0,
                99.285888671875,
                90.167236328125,
                58.88671875,
                14.453125,
                0.0,
                0.0
            ],
            "summary": [
                89.9749755859375,
                100.0,
                0.0,
                79.28795623779297,
                72.91130828857422
            ]
        },
        "CSIRO_ACCESS-ESM1-5_historical": {
            "percentiles": [
                100.0,
                100.0,
                100.0,
                98.24655055999756,
                85.60103988647461,
                51.39902210235596,
                8.001590430736542,
                0.0,
                0.0
            ],
            "summary": [
                85.15850067138672,
                100.0,
                0.0,
                75.34580993652344,
                68.9273681640625
            ]
        },
        "HAMMOZ-Consortium_MPI-ESM-1-2-HAM_historical": {
            "percentiles": [
                100.0,
                100.0,
                100.0,
                100.0,
                87.0452880859375,
                49.129486083984375,
                0.0,
                0.0,
                0.0
            ],
            "summary": [
                87.066650390625,
                100.0,
                0.0,
                75.81875610351562,
                68.5243148803711
            ]
        },
        "INM_INM-CM4-8_historical": {
            "percentiles": [
                99.99999085998536,
                99.99998474121094,
                99.99994659423828,
                98.28591251373291,
                83.64330863952637,
                51.80745840072632,
                6.940899443626404,
                0.26344562307000163,
                0.013655707427300512
            ],
            "summary": [
                83.63703918457031,
                100.0,
                0.0,
                74.8226089477539,
                69.14313507080078
            ]
        },
        "INM_INM-CM5-0_historical": {
            "percentiles": [
                100.0,
                99.99998474121094,
                99.99996948242188,
                98.6169319152832,
                84.78437042236328,
                53.428589820861816,
                7.864850175380707,
                0.510079808831215,
                0.03535668328218162
            ],
            "summary": [
                84.72664260864258,
                100.0,
                8.791685104370117e-05,
                76.91299438476562,
                69.2306900024414
            ]
        },
        "IPSL_IPSL-CM6A-LR_historical": {
            "percentiles": [
                100.0,
                100.0,
                100.0,
                99.97378063201904,
                82.85990333557129,
                39.16835927963257,
                3.699451726675033,
                0.0,
                0.0
            ],
            "summary": [
                82.76702880859375,
                100.0,
                0.0,
                72.19501495361328,
                63.68833923339844
            ]
        },