{
    "data": {
        "AS-RCEC_TaiESM1_historical": {
            "percentiles": [
                131.9460189819368,
                113.16633872985841,
                103.53037738800049,
                93.09146785736084,
                82.6662654876709,
                73.95889949798584,
                48.12237548828125,
                18.43038010597229,
                8.791384789943695
            ],
            "summary": [
                82.98153686523438,
                9701.380859375,
                2.2311527729034424,
                84.19227600097656,
                80.20138549804688
            ]
        },
        "CAS_FGOALS-g3_historical": {
            "percentiles": [
                104.99999237060547,
                104.99999237060547,
                101.78927841186521,
                90.81466674804688,
                81.3285903930664,
                74.64393424987793,
                44.88806781768799,
                19.6397274017334,
                9.40725325012207
            ],
            "summary": [
                81.57160949707031,
                104.99999237060547,
                2.8292198181152344,
                82.87580871582031,
                82.03572845458984
            ]
        },
        "CCCma_CanESM5_historical": {
            "percentiles": [
                100.00006866455078,
                99.74551342010497,
                98.29626426696777,
                95.37694644927979,
                92.23805236816406,
                87.71208477020264,
                49.03587121963501,
                17.76630847930908,
                7.723653972387313
            ],
            "summary": [
                92.21577453613281,
                100.00006866455078,
                0.013467433862388134,
                89.30880737304688,
                84.946533203125
            ]
        },
        "CNRM-CERFACS_CNRM-CM6-1_historical": {
            "percentiles": [
                99.97700054550171,
                99.42648406982423,
                97.87822723388672,
                90.38227462768555,
                81.14696884155273,
                70.94099998474121,
                37.90671920776367,
                15.67435648918152,
                8.114494406223297
            ],
            "summary": [
                81.38775634765625,
                100.0,
                0.11775966733694077,
                81.44055938720703,
                75.25384521484375
            ]
        },
        "CNRM-CERFACS_CNRM-ESM2-1_historical": {
            "percentiles": [
                99.98316192626953,
                99.45489120483398,
                97.90503997802735,
                90.35829734802246,
                81.3619270324707,
                71.07776832580566,
                36.92012119293213,
                15.716489439010621,
                7.826030743598938
            ],
            "summary": [
                81.55892944335938,
                100.0,
                0.27435460686683655,
                81.22758483886719,
                75.49839782714844
            ]
        },
        "CSIRO-ARCCSS_ACCESS-CM2_historical": {
            "percentiles": [
                179.17188281250037,
                163.55539062499997,
                131.75507812499998,
                94.2197265625,
                81.259765625,
                72.6630859375,
                46.2306640625,
                12.1812890625,
                6.50597265625
            ],
            "summary": [
                81.47265625,
                196.6796875,
                0.5078125,
                86.84933471679688,
                82.20662689208984
            ]
        },
        "CSIRO_ACCESS-ESM1-5_historical": {
            "percentiles": [
                150.8779685440071,
                134.1275074005127,
                114.23927993774413,
                94.13076591491699,
                82.80320930480957,
                74.6074104309082,
                48.084865951538085,
                17.267921457290647,
                8.824756145477295
            ],
            "summary": [
                82.76423645019531,
                195.19117736816406,
                0.0,
                85.1326904296875,
                81.14329528808594
            ]
        },
        "HAMMOZ-Consortium_MPI-ESM-1-2-HAM_historical": {
            "percentiles": [
                161.91441955566518,
                132.41120910644509,
                106.02459716796878,
                93.88312911987305,
                79.40316009521484,
                69.57503890991211,
                45.18303298950195,
                15.297574996948242,
                7.983479268789292
            ],
            "summary": [
                79.65585327148438,
                206.42572021484375,
                4.999999523162842,
                84.15652465820312,
                78.66714477539062
            ]
        },
        "INM_INM-CM4-8_historical": {
            "percentiles": [
                100.44446825790416,
                98.67959041595458,
                96.42301731109619,
                89.51755619049072,
                82.23932647705078,
                72.38604927062988,
                39.21558742523193,
                12.060141825675963,
                4.519206019163132
            ],
            "summary": [
                82.30584716796875,
                146.61415100097656,
                0.0,
                80.83877563476562,
                76.02656555175781
            ]
        },
        "INM_INM-CM5-0_historical": {
            "percentiles": [
                100.28236618804934,
                98.60572269439697,
                96.36382808685303,
                89.44758892059326,
                81.92622375488281,
                71.71011352539062,
                39.43961000442505,
                12.293477954864501,
                4.761855462789535
            ],
            "summary": [
                81.95743560791016,
                143.4923858642578,
                0.0,
                80.29669952392578,
                75.52723693847656
            ]
        },
        "IPSL_IPSL-CM6A-LR_historical": {
            "percentiles": [
                100.0,
                100.0,
                99.75055923461915,
                95.13023471832275,
                84.58749580383301,
                75.87366104125977,
                51.85252637863159,
                19.770775260925294,
                11.050947028636934
            ],
            "summary": [
                84.70169067382812,
                100.0,
                3.507965087890625,
                85.02542114257812,
                80.3686294555664
            ]
        },
        "MIROC_MIROC6_historical": {
            "percentiles": [
                172.40108013153207,
                141.20194656372053,
                109.92023258209223,
                93.73302841186523,
                82.42469024658203,
                73.78461933135986,
                42.10440349578858,
                11.539481282234192,
                5.390242939949037
            ],
            "summary": [
                82.7362060546875,
                343.3955993652344,
                1.4574790000915527,
                85.64176940917969,
                80.7327880859375
            ]
        },
        "MOHC_HadGEM3-GC31-LL_historical": {
            "percentiles": [
                173.4561289062508,
                140.00714843749995,
                113.44218749999993,
                93.0546875,
                81.021484375,
                72.36328125,
                49.566601562500004,
                14.587304687500001,
                6.96070703125
            ],
            "summary": [
                81.21875,
                196.671875,
                1.09375,
                85.00257110595703,
                79.40499877929688
            ]
        },