{
    "data": {
        "AS-RCEC_TaiESM1_historical": {
            "percentiles": [
                0.021011287588626207,
                0.019925994891673328,
                0.01859113620594144,
                0.012882888200692832,
                0.0052772368071600795,
                0.0014454901101998985,
                4.2713582843134645e-05,
                1.3114156126903252e-05,
                6.866277624340001e-06
            ],
            "summary": [
                0.005479868501424789,
                0.02838367223739624,
                2.1174021469505533e-07,
                0.008528981357812881,
                0.007093822117894888
            ]
        },
        "BCC_BCC-CSM2-MR_historical": {
            "percentiles": [
                0.020291290096938634,
                0.0189977012667805,
                0.01752716088667512,
                0.012051463825628161,
                0.004903544089756906,
                0.0019250292534707114,
                9.928523668349954e-05,
                2.2105040425230982e-05,
                1.11148523801603e-05
            ],
            "summary": [
                0.0051390123553574085,
                0.0269077830016613,
                1.3500142586053698e-06,
                0.008076594211161137,
                0.006739465054124594
            ]
        },
        "CAS_FGOALS-f3-L_historical": {
            "percentiles": [
                0.019853264380246434,
                0.018801302667707204,
                0.01756806601770222,
                0.011582350940443575,
                0.005250870017334819,
                0.0016867391241248697,
                4.8607476037432215e-05,
                1.1232662800466641e-05,
                6.138129375585778e-06
            ],
            "summary": [
                0.005358347203582525,
                0.025842396542429924,
                5.420824322754925e-07,
                0.00800224021077156,
                0.006799174938350916
            ]
        },
        "CAS_FGOALS-g3_historical": {
            "percentiles": [
                0.020170553214848046,
                0.01919490305706859,
                0.01802409058436751,
                0.012963335029780865,
                0.006076949182897806,
                0.00236754264915362,
                9.274612057197373e-05,
                2.1558252592512874e-05,
                1.1061837647503126e-05
            ],
            "summary": [
                0.006194773595780134,
                0.022978423163294792,
                1.3562689673563e-06,
                0.008715378120541573,
                0.0084217619150877
            ]
        },
        "CCCma_CanESM5_historical": {
            "percentiles": [
                0.024416774798184708,
                0.023410272989422085,
                0.021922977128997444,
                0.014537185314111412,
                0.005626035272143781,
                0.0016864122590050101,
                8.17504611404729e-05,
                1.5081433448358438e-05,
                6.838035275222865e-06
            ],
            "summary": [
                0.006076413206756115,
                0.02843109332025051,
                9.490059227346137e-08,
                0.010100881569087505,
                0.007836840115487576
            ]
        },
        "CNRM-CERFACS_CNRM-CM6-1_historical": {
            "percentiles": [
                0.019087503558024802,
                0.01823009726591408,
                0.017253380967304107,
                0.011732058017514646,
                0.0050037947949022055,
                0.0015137217123992741,
                4.0054564942693124e-05,
                6.259671340558271e-06,
                2.343516257496958e-06
            ],
            "summary": [
                0.005380499642342329,
                0.025317151099443436,
                3.590372443795786e-08,
                0.008138596080243587,
                0.00634468998759985
            ]
        },
        "CNRM-CERFACS_CNRM-ESM2-1_historical": {
            "percentiles": [
                0.019488859315402857,
                0.018602006658911704,
                0.017629684228450057,
                0.012041889247484505,
                0.005246858578175306,
                0.001798439960111864,
                4.606303136824864e-05,
                6.371609240432008e-06,
                2.308117359461903e-06
            ],
            "summary": [
                0.0056241455022245646,
                0.02401290088891983,
                3.977590168346978e-08,
                0.008273456245660782,
                0.006502432748675346
            ]
        },
        "CSIRO-ARCCSS_ACCESS-CM2_historical": {
            "percentiles": [
                0.0205323571059853,
                0.019196155155077575,
                0.017868056753650302,
                0.012122157495468855,
                0.0050058705965057015,
                0.0016356534033548087,
                7.719289078522709e-05,
                1.72383455446834e-05,
                6.080276715465516e-06
            ],
            "summary": [
                0.005265236832201481,
                0.027530375868082047,
                1.763495305340257e-07,
                0.008264860138297081,
                0.006845057010650635
            ]
        },
        "CSIRO_ACCESS-ESM1-5_historical": {
            "percentiles": [
                0.02346539858449261,
                0.020669001461938022,
                0.01873638685792685,
                0.01291451824363321,
                0.0056609445018693805,
                0.002043299318756908,
                9.395989873155486e-05,
                3.2326026521332095e-05,
                1.7084138701648045e-05
            ],
            "summary": [
                0.005991502199321985,
                0.02947193756699562,
                -0.00016083286027424037,
                0.008927046321332455,
                0.00734296627342701
            ]
        },
        "HAMMOZ-Consortium_MPI-ESM-1-2-HAM_historical": {
            "percentiles": [
                0.017924423605203733,
                0.01676132787019014,
                0.01574222054332495,
                0.01173878787085414,
                0.005291259614750743,
                0.00205398618709296,
                9.060533484444024e-05,
                3.0161586109898054e-05,
                1.5758669178467244e-05
            ],
            "summary": [
                0.005597492679953575,
                0.023508068174123764,
                1.3456055967253633e-06,
                0.007977652363479137,
                0.006510790903121233
            ]
        },
        "INM_INM-CM4-8_historical": {
            "percentiles": [
                0.02016294453106827,
                0.01836032483726739,
                0.01701656049117446,
                0.012288627331145108,
                0.005148542462848127,
                0.0017659088189247996,
                6.677607525489295e-05,
                1.4984199597165572e-05,
                8.172348815151053e-06
            ],
            "summary": [
                0.005414366722106934,
                0.034585144370794296,
                -0.000468989834189415,
                0.008166356012225151,
                0.006790237966924906
            ]
        },
        "INM_INM-CM5-0_historical": {
            "percentiles": [
                0.020035855491645754,
                0.018316922904923552,
                0.016898128343746065,
                0.011991571402177215,
                0.005103939911350608,
                0.0018616461311466992,
                6.589133827219487e-05,
                1.321144978646771e-05,
                6.587729144257537e-06
            ],