{
    "data": {
        "MOHC_HadGEM3-GC31-LL_historical": {
            "percentiles": [
                0.0007318131497595596,
                0.0003220989776309577,
                0.00010103816402988717,
                4.5963880666022305e-06,
                0.0,
                0.0,
                0.0,
                0.0,
                0.0
            ],
            "summary": [
                2.695398244878522e-11,
                0.0051108249463140965,
                0.0,
                2.1379162717494182e-05,
                1.5855421224841848e-05
            ]
        },
        "MOHC_HadGEM3-GC31-MM_historical": {
            "percentiles": [
                0.0008180557372398773,
                0.00031120745465159353,
                9.783649948076343e-05,
                5.020143589717918e-06,
                1.2131802229475852e-09,
                0.0,
                0.0,
                0.0,
                0.0
            ],
            "summary": [
                2.489924599835547e-09,
                0.00657702935859561,
                0.0,
                2.1124986233189702e-05,
                1.71840929397149e-05
            ]
        },
        "MOHC_UKESM1-0-LL_historical": {
            "percentiles": [
                0.0007401716334570905,
                0.0003182219467998938,
                9.905728165904285e-05,
                4.072472847838071e-06,
                0.0,
                0.0,
                0.0,
                0.0,
                0.0
            ],
            "summary": [
                0.0,
                0.005613556131720543,
                0.0,
                2.1610934709315188e-05,
                1.5439702110597864e-05
            ]
        }
    },
    "info": {
        "drs": {
            "experiment": "historical",
            "var": "prc"
        },
        "tech": {
            "percentiles": [
                99.9,
                99.0,
                95.0,
                75.0,
                50.0,
                25.0,
                5.0,
                1.0,
                0.1
            ],
            "summary": [
                "median",
                "max",
                "min",
                "mean absolute max",
                "mean absolute min"
            ]
        },
        "title": "aggregation across json_ranges/prc"
    }
}