{
    "data": {
        "BCC_BCC-CSM2-MR_historical": {
            "percentiles": [
                0.0001538829349301591,
                6.548437693709285e-05,
                1.8942477299788122e-05,
                4.4424187350955435e-07,
                2.207210735932991e-14,
                0.0,
                0.0,
                0.0,
                0.0
            ],
            "summary": [
                2.005005590808434e-14,
                0.0011693992419168353,
                0.0,
                4.8904394134297036e-06,
                2.0443776520551182e-06
            ]
        },
        "BCC_BCC-ESM1_historical": {
            "percentiles": [
                0.00012720732748857763,
                5.381237537221752e-05,
                1.6029711787268732e-05,
                3.336642535600731e-07,
                2.2635950934295733e-14,
                0.0,
                0.0,
                0.0,
                0.0
            ],
            "summary": [
                2.3189422590822427e-14,
                0.0003858596319332719,
                0.0,
                5.083249561721459e-06,
                1.427363258699188e-06
            ]
        },
        "CAS_FGOALS-g3_historical": {
            "percentiles": [
                0.00014221292668662795,
                5.9424457249406286e-05,
                1.8223726056021374e-05,
                5.566619876162804e-07,
                0.0,
                0.0,
                0.0,
                0.0,
                0.0
            ],
            "summary": [
                0.0,
                0.0009170636767521501,
                0.0,
                4.766898200614378e-06,
                3.6898286452924367e-06
            ]
        },
        "CCCma_CanESM5_historical": {
            "percentiles": [
                0.00015926492661674644,
                7.317378673178611e-05,
                2.1051883413747406e-05,
                3.1976957259871597e-07,
                0.0,
                0.0,
                0.0,
                0.0,
                0.0
            ],
            "summary": [
                0.0,
                0.0005461677210405469,
                0.0,
                6.536370165122207e-06,
                1.911528897835524e-06
            ]
        },
        "CNRM-CERFACS_CNRM-CM6-1_historical": {
            "percentiles": [
                0.0001660677613108427,
                6.641735832090475e-05,
                1.7855305486591438e-05,
                3.715570855433725e-07,
                3.6436777702534165e-25,
                3.6431947008010455e-26,
                4.6354448697204615e-31,
                6.544063828396918e-45,
                0.0
            ],
            "summary": [
                3.3730987262816424e-25,
                0.0008254749118350446,
                0.0,
                5.3927824410493486e-06,
                2.1202686184551567e-06
            ]
        },
        "CNRM-CERFACS_CNRM-ESM2-1_historical": {
            "percentiles": [
                0.00016682591974677083,
                6.629665302170895e-05,
                1.7321643099421635e-05,
                2.5272270676168773e-07,
                3.384858177188159e-25,
                3.7091334576418113e-26,
                4.6243992195035274e-31,
                1.1210387714598537e-44,
                0.0
            ],
            "summary": [
                3.277521078562163e-25,
                0.0009217411279678345,
                0.0,
                5.884249731025193e-06,
                1.7231304809683934e-06
            ]
        },
        "CSIRO-ARCCSS_ACCESS-CM2_historical": {
            "percentiles": [
                0.00017490126864141192,
                6.876127805298869e-05,
                2.152275224034381e-05,
                6.717711684700589e-07,
                0.0,
                0.0,
                0.0,
                0.0,
                0.0
            ],
            "summary": [
                0.0,
                0.0010934957535937428,
                0.0,
                5.760061412729556e-06,
                2.9334973987715784e-06
            ]
        },
        "CSIRO_ACCESS-ESM1-5_historical": {
            "percentiles": [
                0.0001670994648520755,
                7.169451579102322e-05,
                2.3570558187202534e-05,
                1.340980858799412e-06,
                0.0,
                0.0,
                0.0,
                -8.186104326861245e-27,
                -4.114127678842289e-24
            ],
            "summary": [
                0.0,
                0.0012999629834666848,
                -1.3536810724430298e-21,
                6.535814463859424e-06,
                2.7916798899241257e-06
            ]
        },
        "HAMMOZ-Consortium_MPI-ESM-1-2-HAM_historical": {
            "percentiles": [
                0.000148941058665523,
                5.922634154558179e-05,
                1.4874339103698741e-05,
                9.685754776000977e-08,
                4.359392458160079e-30,
                4.359392458160079e-30,
                4.359392458160079e-30,
                4.359392458160079e-30,
                4.359392458160079e-30
            ],
            "summary": [
                4.386180563822098e-30,
                0.0007184892892837524,
                3.7596800668112376e-30,
                4.708266715169884e-06,
                1.7811950101531693e-06
            ]
        },
        "INM_INM-CM4-8_historical": {
            "percentiles": [
                0.000154660936124861,
                6.009445905874581e-05,
                1.6283001377814793e-05,
                2.6504352490519523e-07,
                0.0,
                0.0,
                0.0,
                0.0,
                0.0
            ],
            "summary": [
                0.0,
                0.0008083469001576304,
                0.0,
                5.26172971149208e-06,
                2.0342538391560083e-06
            ]
        },
        "INM_INM-CM5-0_historical": {
            "percentiles": [
                0.00014752235447667924,
                5.967535822492164e-05,
                1.6832759683893508e-05,
                2.982558164887905e-07,
                0.0,
                0.0,
                0.0,
                0.0,
                0.0
            ],
            "summary": [
                0.0,
                0.001033846172504127,
                0.0,
                5.244183739705477e-06,
                1.9908359263354214e-06
            ]
        },
        "IPSL_IPSL-CM6A-LR_historical": {
            "percentiles": [
                0.00020411189651350236,
                8.052134257013679e-05,
                2.2165395057527363e-05,
                5.521788750684209e-07,
                0.0,
                0.0,
                0.0,
                0.0,
                0.0
            ],
            "summary": [
                0.0,
                0.0017799843335524201,
                0.0,
                6.391828264895594e-06,
                2.1667065084329806e-06
            ]
        },
        "MIROC_MIROC6_historical": {
            "percentiles": [
                0.00015854428296006862,
                6.426327865483467e-05,
                1.7570664203958553e-05,
                7.51700426349089e-08,
                0.0,
                0.0,
                0.0,
                0.0,
                0.0
            ],
            "summary": [
                0.0,
                0.0008475093054585159,
                0.0,
                5.1724864533753134e-06,
                2.7156229407410137e-06
            ]
        },