{
    "data": {
        "AS-RCEC_TaiESM1_historical": {
            "percentiles": [
                436.0377752685554,
                433.4250663757324,
                431.972918701172,
                424.7460708618164,
                415.00999450683594,
                377.0817413330078,
                314.3325500488281,
                206.78658294677734,
                150.41976165771484,
                108.80695533752441,
                85.7750186920166,
                80.6703260421753,
                74.88264694213868
            ],
            "summary": [
                316.9264221191406,
                506.2504577636719,
                59.09636306762695,
                313.3489074707031,
                287.33807373046875
            ]
        },
        "BCC_BCC-CSM2-MR_historical": {
            "percentiles": [
                437.04399969482427,
                433.7435604858398,
                432.0082720947266,
                421.4040588378906,
                410.1048370361328,
                368.8702697753906,
                305.4002227783203,
                218.15545272827148,
                169.53516540527343,
                132.0784004211426,
                97.9731795501709,
                91.75803974151611,
                83.25097032165527
            ],
            "summary": [
                306.5069274902344,
                455.57452392578125,
                59.35051727294922,
                312.9783630371094,
                286.2226867675781
            ]
        },
        "BCC_BCC-ESM1_historical": {
            "percentiles": [
                436.6941435546876,
                433.5752607727051,
                431.77964782714844,
                423.35935363769534,
                414.42848205566406,
                374.4977264404297,
                308.12022399902344,
                255.91352462768555,
                179.61826782226564,
                117.42991790771484,
                77.87480590820313,
                71.53800010681152,
                66.3870842666626
            ],
            "summary": [
                312.1722412109375,
                459.75299072265625,
                57.547340393066406,
                316.2402648925781,
                292.16632080078125
            ]
        },
        "CAMS_CAMS-CSM1-0_historical": {
            "percentiles": [
                432.20413574218753,
                428.2455578613281,
                426.579895324707,
                417.42183074951174,
                408.4251068115234,
                368.2014389038086,
                310.0732116699219,
                257.1200942993164,
                177.13416748046876,
                114.02473335266114,
                85.11065567016601,
                81.16992736816407,
                74.58286685943604
            ],
            "summary": [
                311.131103515625,
                463.9447937011719,
                61.8408317565918,
                313.5257568359375,
                289.8518981933594
            ]
        },
        "CAS_FGOALS-f3-L_historical": {
            "percentiles": [
                429.22265411376975,
                426.54775711059574,
                424.95058166503907,
                418.37540740966796,
                409.28326416015625,
                371.08740234375,
                306.6290588378906,
                230.43892669677734,
                165.02752380371095,
                107.16929016113282,
                80.62167747497558,
                75.85345848083496,
                71.64384635162354
            ],
            "summary": [
                309.392333984375,
                464.3749694824219,
                55.86520004272461,
                316.3898010253906,
                283.2157287597656
            ]
        },
        "CCCma_CanESM5_historical": {
            "percentiles": [
                435.8647202453621,
                430.96789138793946,
                429.1187106323242,
                420.33116912841797,
                411.6130828857422,
                370.7614440917969,
                303.5183410644531,
                214.66656112670898,
                158.9169937133789,
                122.80168113708496,
                79.97048133850097,
                76.67009204864502,
                73.48178721618652
            ],
            "summary": [
                310.319091796875,
                453.448974609375,
                57.36875915527344,
                311.0013427734375,
                285.93621826171875
            ]
        },
        "CNRM-CERFACS_CNRM-CM6-1_historical": {
            "percentiles": [
                422.1691520385744,
                419.99367279052734,
                418.2828076171875,
                411.008203125,
                402.9035400390625,
                366.2073440551758,
                302.7873229980469,
                224.60409545898438,
                163.0659896850586,
                111.7541732788086,
                80.59929656982422,
                74.99320056915283,
                66.5283814163208
            ],
            "summary": [
                308.9462890625,
                453.8173828125,
                45.14822769165039,
                315.9831237792969,
                282.33294677734375
            ]
        },
        "CNRM-CERFACS_CNRM-ESM2-1_historical": {
            "percentiles": [
                426.2649764099122,
                423.75934158325197,
                421.8395422363281,
                415.73642883300784,
                406.98265686035154,
                370.9610900878906,
                317.9887237548828,
                269.13819885253906,
                174.05640716552733,
                107.9568099975586,
                79.15590980529785,
                73.59688713073731,
                65.85833740234375
            ],
            "summary": [
                316.79156494140625,
                459.5273132324219,
                49.01740646362305,
                314.6876220703125,
                287.86248779296875
            ]
        },
        "CSIRO-ARCCSS_ACCESS-CM2_historical": {
            "percentiles": [
                434.3761892089849,
                431.18321533203124,
                429.22420166015627,
                418.4243408203125,
                408.3873046875,
                368.78973388671875,
                314.6353759765625,
                246.58380126953125,
                164.6908203125,
                108.92554931640626,
                81.66323974609375,
                77.27200561523438,
                73.84337475585937
            ],
            "summary": [
                316.651611328125,
                467.84912109375,
                59.018798828125,
                316.1951599121094,
                287.7731018066406
            ]
        },
        "CSIRO_ACCESS-ESM1-5_historical": {
            "percentiles": [
                433.47703720092784,
                430.64047103881836,
                428.4694729614258,
                420.4513870239258,
                411.6036407470703,
                375.5786895751953,
                312.13316345214844,
                220.76214599609375,
                161.62207489013673,
                121.13213081359865,
                98.31060302734375,
                92.24692306518554,
                86.52284025573731
            ],
            "summary": [
                313.28558349609375,
                472.049560546875,
                72.07906341552734,
                314.4422912597656,
                288.13153076171875
            ]
        },