{
    "data": {
        "AS-RCEC_TaiESM1_historical": {
            "percentiles": [
                254.00069896698005,
                231.4650741577152,
                189.0830421447754,
                29.02401351928711,
                12.05587387084961,
                6.770375728607178,
                0.0,
                0.0,
                0.0
            ],
            "summary": [
                11.840431213378906,
                404.8682556152344,
                0.0,
                59.66051483154297,
                23.18233871459961
            ]
        },
        "BCC_BCC-CSM2-MR_historical": {
            "percentiles": [
                234.5505636901865,
                195.05051071166992,
                138.49246444702146,
                26.571005821228027,
                11.734264373779297,
                5.536403298377991,
                0.0,
                0.0,
                0.0
            ],
            "summary": [
                11.653091430664062,
                392.88970947265625,
                0.0,
                48.17009353637695,
                17.215930938720703
            ]
        },
        "BCC_BCC-ESM1_historical": {
            "percentiles": [
                234.57772880554205,
                186.22299987792974,
                136.9362388610839,
                24.96076774597168,
                11.394340515136719,
                5.255102157592773,
                0.0,
                0.0,
                0.0
            ],
            "summary": [
                11.477806091308594,
                391.75738525390625,
                0.0,
                47.277557373046875,
                15.435866355895996
            ]
        },
        "CAS_FGOALS-f3-L_historical": {
            "percentiles": [
                239.99911611175608,
                181.75295555114752,
                144.2812618255615,
                28.067036867141724,
                14.239164113998413,
                5.518702149391174,
                3.7941757646819957e-08,
                9.551134250163073e-10,
                3.097784763601841e-11
            ],
            "summary": [
                14.260857582092285,
                390.86322021484375,
                1.786014370251665e-14,
                52.75825119018555,
                19.885236740112305
            ]
        },
        "CAS_FGOALS-g3_historical": {
            "percentiles": [
                275.31989736938516,
                219.35148452758796,
                171.00326995849602,
                28.317055225372314,
                12.347702980041504,
                8.121737957000732,
                0.0,
                0.0,
                0.0
            ],
            "summary": [
                12.204943656921387,
                393.5832214355469,
                0.0,
                42.42946243286133,
                39.64576721191406
            ]
        },
        "CCCma_CanESM5_historical": {
            "percentiles": [
                262.4560075988835,
                213.4880583190918,
                171.80922698974607,
                32.449989318847656,
                13.14950180053711,
                6.6470794677734375,
                0.0,
                0.0,
                0.0
            ],
            "summary": [
                13.148284912109375,
                389.40087890625,
                0.0,
                57.528961181640625,
                21.343265533447266
            ]
        },
        "CNRM-CERFACS_CNRM-CM6-1_historical": {
            "percentiles": [
                290.65349697876337,
                231.75521850585938,
                185.7979309082031,
                29.426007747650146,
                13.103902339935303,
                6.85704243183136,
                0.0,
                0.0,
                0.0
            ],
            "summary": [
                13.008729934692383,
                416.2943115234375,
                0.0,
                56.70085144042969,
                20.02838134765625
            ]
        },
        "CNRM-CERFACS_CNRM-ESM2-1_historical": {
            "percentiles": [
                288.6678327026487,
                238.79256439208984,
                193.40994262695312,
                28.485597372055054,
                13.157045125961304,
                6.770193934440613,
                0.0,
                0.0,
                0.0
            ],
            "summary": [
                13.049866676330566,
                417.3175964355469,
                0.0,
                55.77669143676758,
                20.016599655151367
            ]
        },
        "CSIRO-ARCCSS_ACCESS-CM2_historical": {
            "percentiles": [
                243.24872029876764,
                211.76807411193658,
                167.91735420227047,
                29.380813598632812,
                12.786338806152344,
                6.841653108596802,
                0.0,
                0.0,
                0.0
            ],
            "summary": [
                12.712604522705078,
                370.1351623535156,
                0.0,
                50.44172668457031,
                19.84535026550293
            ]
        },
        "CSIRO_ACCESS-ESM1-5_historical": {
            "percentiles": [
                269.41497172546417,
                208.56662612915045,
                163.4103916168213,
                25.256359100341797,
                14.003063201904297,
                6.94809627532959,
                0.0,
                0.0,
                0.0
            ],
            "summary": [
                13.83434009552002,
                405.3459777832031,
                0.0,
                58.68937301635742,
                20.930082321166992
            ]
        },
        "HAMMOZ-Consortium_MPI-ESM-1-2-HAM_historical": {
            "percentiles": [
                260.7028144531251,
                214.88779296874995,
                176.172087097168,
                25.795684814453125,
                12.948554992675781,
                6.254638671875,
                0.000732421875,
                0.0,
                -6.103515625e-05
            ],
            "summary": [
                12.924560546875,
                424.13134765625,
                -0.00390625,
                52.66183090209961,
                19.865699768066406
            ]
        },
        "IPSL_IPSL-CM6A-LR_historical": {
            "percentiles": [
                265.5194682464622,
                234.35797599792483,
                186.75922927856445,
                28.3940372467041,
                13.988233804702759,
                5.650871157646179,
                0.0,
                0.0,
                0.0
            ],
            "summary": [
                13.898029327392578,
                398.0135192871094,
                0.0,
                59.30937194824219,
                18.621238708496094
            ]
        },
        "MIROC_MIROC6_historical": {
            "percentiles": [
                248.93235938263018,
                210.23395896911617,
                174.0832679748535,
                23.283987283706665,
                11.817537784576416,
                6.256307601928711,
                0.0,
                0.0,
                0.0
            ],
            "summary": [
                11.68781852722168,
                388.81298828125,
                0.0,
                44.8084602355957,
                24.37225914001465
            ]
        },
        "MOHC_HadGEM3-GC31-LL_historical": {
            "percentiles": [
                238.82972275543216,
                195.44248779296868,
                162.2097740173339,
                35.36881351470947,
                12.967166900634766,
                7.522709369659424,
                0.0,
                0.0,
                0.0
            ],