{
    "data": {
        "AS-RCEC_TaiESM1_historical": {
            "percentiles": [
                288.1217988586427,
                284.89367294311523,
                282.21824645996094,
                277.2378234863281,
                258.9779815673828,
                145.0231170654297,
                85.98743057250977,
                53.182058334350586,
                0.9858753085136414,
                0.0,
                0.0,
                0.0,
                0.0
            ],
            "summary": [
                85.48173522949219,
                396.3660888671875,
                0.0,
                121.05606079101562,
                84.7437515258789
            ]
        },
        "BCC_BCC-CSM2-MR_historical": {
            "percentiles": [
                231.0563201904299,
                219.82058876037587,
                215.52735488891605,
                198.27741775512695,
                185.83904724121095,
                137.53198623657227,
                88.32340621948242,
                64.05273246765137,
                14.29828348159808,
                0.14572364250201342,
                0.0,
                0.0,
                0.0
            ],
            "summary": [
                89.39627838134766,
                385.9075927734375,
                0.0,
                122.40863037109375,
                87.18719482421875
            ]
        },
        "BCC_BCC-ESM1_historical": {
            "percentiles": [
                314.84065814208986,
                313.1709422302246,
                308.721823425293,
                301.1418930053711,
                270.40130920410184,
                170.0210838317871,
                94.02769470214844,
                56.75076961517334,
                1.5453705072402957,
                0.0,
                0.0,
                0.0,
                0.0
            ],
            "summary": [
                95.0771484375,
                386.9452819824219,
                0.0,
                126.56661987304688,
                97.79641723632812
            ]
        },
        "CAMS_CAMS-CSM1-0_historical": {
            "percentiles": [
                215.36562677001962,
                194.9837331390378,
                182.07844100952184,
                161.26832733154296,
                151.35001525878909,
                129.35082244873047,
                91.90997695922852,
                67.59699249267578,
                28.335722160339362,
                4.59842312335968,
                4.528414865490049e-05,
                4.528414865490049e-05,
                4.528414865490049e-05
            ],
            "summary": [
                92.45845031738281,
                363.1349792480469,
                -0.0005060011171735823,
                113.94039154052734,
                90.07534790039062
            ]
        },
        "CAS_FGOALS-f3-L_historical": {
            "percentiles": [
                313.1342692565925,
                301.42128738403323,
                282.63225006103517,
                269.5413360595703,
                253.70824737548827,
                150.30967330932617,
                91.97485733032227,
                52.464064598083496,
                0.8765537440777731,
                7.97112175376924e-08,
                5.225347372572742e-08,
                4.9947216655965575e-08,
                4.7720160566200316e-08
            ],
            "summary": [
                90.23725128173828,
                388.1457824707031,
                4.545166376601628e-08,
                117.69564056396484,
                89.57769775390625
            ]
        },
        "CAS_FGOALS-g3_historical": {
            "percentiles": [
                286.15949053955217,
                224.8357257080071,
                213.59834289550784,
                195.62601814270016,
                177.23754806518554,
                138.1869773864746,
                91.86650657653809,
                60.253403663635254,
                32.6569486618042,
                5.109779018163838,
                0.0,
                0.0,
                0.0
            ],
            "summary": [
                91.86650848388672,
                413.1283264160156,
                0.0,
                120.38917541503906,
                120.38917541503906
            ]
        },
        "CCCma_CanESM5_historical": {
            "percentiles": [
                306.3086198120117,
                305.1083499145508,
                303.07447326660156,
                284.7253890991211,
                205.08612976074218,
                146.43912506103516,
                91.26770782470703,
                53.84560298919678,
                0.10461933687329293,
                0.0,
                0.0,
                0.0,
                0.0
            ],
            "summary": [
                91.19551849365234,
                383.27569580078125,
                0.0,
                122.737548828125,
                91.3860092163086
            ]
        },
        "CNRM-CERFACS_CNRM-CM6-1_historical": {
            "percentiles": [
                284.32891821289246,
                220.21489707946805,
                206.44287475585935,
                192.52682495117188,
                169.01303558349608,
                137.2102508544922,
                93.72180557250977,
                65.10937118530273,
                15.875718879699708,
                0.23061680793762218,
                0.0,
                0.0,
                0.0
            ],
            "summary": [
                92.63356018066406,
                410.2008361816406,
                0.0,
                120.81887817382812,
                87.03388977050781
            ]
        },
        "CNRM-CERFACS_CNRM-ESM2-1_historical": {
            "percentiles": [
                325.74810791015625,
                307.0686950683594,
                301.6888101196289,
                290.1672668457031,
                238.75699462890623,
                148.07427215576172,
                89.2313461303711,
                55.21157264709473,
                1.2382965803146364,
                0.0,
                0.0,
                0.0,
                0.0
            ],
            "summary": [
                88.88999938964844,
                368.7986755371094,
                0.0,
                114.72515869140625,
                86.79295349121094
            ]
        },
        "CSIRO-ARCCSS_ACCESS-CM2_historical": {
            "percentiles": [
                220.03282223510803,
                214.95450546264647,
                210.4862382507324,
                203.92571792602536,
                192.3352310180664,
                139.0558738708496,
                91.09486389160156,
                62.56525993347168,
                12.547095012664798,
                0.0347599470987916,
                0.0,
                0.0,
                0.0
            ],
            "summary": [
                90.79141235351562,
                336.9355163574219,
                0.0,
                112.82514953613281,
                87.49375915527344
            ]
        },
        "CSIRO_ACCESS-ESM1-5_historical": {
            "percentiles": [
                313.82909402465833,
                303.64698089599614,
                281.93618011474626,
                260.4696929931641,
                211.0299835205079,
                143.43798828125,
                87.67136001586914,
                55.162912368774414,
                0.5436730623245241,
                0.0,
                0.0,
                0.0,
                0.0
            ],
            "summary": [
                88.26201629638672,
                400.5542297363281,
                0.0,
                120.4721908569336,
                85.20703125
            ]
        },