{
    "data": {
        "BCC_BCC-CSM2-MR_historical": {
            "percentiles": [
                18.991766540527635,
                16.039615535736104,
                13.097654581069946,
                8.379606485366821,
                5.712864637374878,
                3.5328943729400635,
                1.5921241700649262,
                0.8391880005598069,
                0.2705625225454569
            ],
            "summary": [
                5.6902971267700195,
                34.39578628540039,
                0.0013694420922547579,
                6.773807525634766,
                5.885613918304443
            ]
        },
        "BCC_BCC-ESM1_historical": {
            "percentiles": [
                18.331481061935627,
                15.59312044143677,
                12.621734380722046,
                8.010783314704895,
                5.382850289344788,
                3.2508153915405273,
                1.2839989870786668,
                0.5218120685219765,
                0.12453280249238016
            ],
            "summary": [
                5.363430976867676,
                25.485435485839844,
                0.0028640765231102705,
                6.7027058601379395,
                5.225393295288086
            ]
        },
        "IPSL_IPSL-CM6A-LR_historical": {
            "percentiles": [
                17.804635886192383,
                14.873001227378845,
                12.044319939613343,
                8.020201802253723,
                5.519829511642456,
                3.224352180957794,
                1.3044397741556168,
                0.4720512527227402,
                0.15296480706334115
            ],
            "summary": [
                5.521130561828613,
                28.863252639770508,
                0.007011038716882467,
                6.531551361083984,
                5.380296230316162
            ]
        },
        "MOHC_HadGEM3-GC31-LL_historical": {
            "percentiles": [
                18.569383171081558,
                15.692830581665037,
                12.81908931732177,
                8.5960111618042,
                5.861974716186523,
                3.347625732421875,
                1.4036741256713867,
                0.856646728515625,
                0.5405582160949707
            ],
            "summary": [
                5.8248138427734375,
                32.18634796142578,
                0.09383392333984375,
                7.018683433532715,
                5.595563888549805
            ]
        },
        "MOHC_HadGEM3-GC31-MM_historical": {
            "percentiles": [
                19.331136085510312,
                16.06257301330566,
                13.142349243164055,
                8.826986312866211,
                6.1167144775390625,
                3.591136932373047,
                1.4925521850585937,
                0.9140084838867187,
                0.5811134567260742
            ],
            "summary": [
                6.092872619628906,
                36.14347839355469,
                0.04729461669921875,
                7.143184185028076,
                6.390291213989258
            ]
        },
        "MOHC_UKESM1-0-LL_historical": {
            "percentiles": [
                18.59227737808246,
                15.719260902404773,
                12.822362899780272,
                8.605459213256836,
                5.87858772277832,
                3.411078453063965,
                1.4215106964111328,
                0.8792662811279297,
                0.5688159523010254
            ],
            "summary": [
                5.8707427978515625,
                32.93644714355469,
                0.09934234619140625,
                7.028692722320557,
                5.650478363037109
            ]
        },
        "NCAR_CESM2-WACCM_historical": {
            "percentiles": [
                19.209092054367183,
                16.03703780174256,
                12.949429512023926,
                8.615575790405273,
                6.055790901184082,
                3.774806559085846,
                1.7212145626544952,
                0.9750538900494576,
                0.638625126928091
            ],
            "summary": [
                6.035411834716797,
                31.856863021850586,
                0.008902251720428467,
                7.170944690704346,
                6.113852500915527
            ]
        },
        "NCAR_CESM2_historical": {
            "percentiles": [
                19.155385246276893,
                16.105692720413213,
                13.004485130310059,
                8.66023313999176,
                6.115158319473267,
                3.806260406970978,
                1.741963505744934,
                0.985917866230011,
                0.6441317977011203
            ],
            "summary": [
                6.116055965423584,
                30.432262420654297,
                0.015254825353622437,
                7.240151405334473,
                6.190561294555664
            ]
        }
    },
    "info": {
        "drs": {
            "experiment": "historical",
            "var": "sfcWind"
        },
        "tech": {
            "percentiles": [
                99.9,
                99.0,
                95.0,
                75.0,
                50.0,
                25.0,
                5.0,
                1.0,
                0.1
            ],
            "summary": [
                "median",
                "max",
                "min",
                "mean absolute max",
                "mean absolute min"
            ]
        },
        "title": "aggregation across json_ranges/sfcWind"
    }
}