{
    "data": {
        "AS-RCEC_TaiESM1_historical": {
            "percentiles": [
                307.9826437377932,
                303.4203445434571,
                300.9552536010742,
                296.2251167297363,
                282.8719787597656,
                262.3050765991211,
                224.48098373413086,
                215.7428653717041,
                211.33499130249027
            ],
            "summary": [
                283.4767761230469,
                320.7825012207031,
                175.57179260253906,
                280.94927978515625,
                276.2709045410156
            ]
        },
        "AWI_AWI-CM-1-1-MR_historical": {
            "percentiles": [
                304.0950556640625,
                301.51356903076174,
                300.2639114379883,
                294.53922271728516,
                279.9089050292969,
                261.3083724975586,
                229.10186614990232,
                216.5690644836426,
                210.02686334228517
            ],
            "summary": [
                281.013427734375,
                315.0904541015625,
                191.7568359375,
                280.60784912109375,
                278.95892333984375
            ]
        },
        "BCC_BCC-CSM2-MR_historical": {
            "percentiles": [
                303.7711674499512,
                303.0323229980469,
                301.8886672973633,
                295.72115325927734,
                281.104248046875,
                261.5439567565918,
                230.15130615234375,
                216.3051959991455,
                210.83424542236327
            ],
            "summary": [
                281.656982421875,
                310.1625061035156,
                192.9169158935547,
                280.75201416015625,
                274.7504577636719
            ]
        },
        "BCC_BCC-ESM1_historical": {
            "percentiles": [
                303.82504585266116,
                302.95362991333,
                301.85270462036135,
                296.3280448913574,
                281.93119049072266,
                262.9688835144043,
                228.8832653045654,
                212.53382926940918,
                206.14514170074463
            ],
            "summary": [
                282.537109375,
                310.4378356933594,
                192.9892578125,
                280.87066650390625,
                273.74676513671875
            ]
        },
        "CAS_FGOALS-f3-L_historical": {
            "percentiles": [
                301.1094980926514,
                299.9801823425293,
                298.82205963134766,
                293.09858322143555,
                280.0862045288086,
                259.46728134155273,
                224.11801719665527,
                212.86746589660643,
                208.92022457122803
            ],
            "summary": [
                280.24249267578125,
                309.30316162109375,
                186.34176635742188,
                278.6858215332031,
                273.3369445800781
            ]
        },
        "CAS_FGOALS-g3_historical": {
            "percentiles": [
                302.27296655273443,
                301.05397521972657,
                299.8014541625977,
                294.7772903442383,
                283.1083068847656,
                267.3374252319336,
                230.29662551879883,
                214.4858517456055,
                207.25101948547365
            ],
            "summary": [
                283.3453674316406,
                311.42205810546875,
                179.6787567138672,
                281.6003112792969,
                279.84332275390625
            ]
        },
        "CCCma_CanESM5_historical": {
            "percentiles": [
                302.793325668335,
                301.6053175354004,
                300.5579780578613,
                294.57264709472656,
                280.13816833496094,
                259.8384819030762,
                226.60635795593262,
                211.75495147705078,
                197.97791873168944
            ],
            "summary": [
                281.1800842285156,
                310.82470703125,
                170.5565948486328,
                280.1663513183594,
                271.5423583984375
            ]
        },
        "CNRM-CERFACS_CNRM-CM6-1_historical": {
            "percentiles": [
                301.4138428497315,
                299.767081451416,
                298.4348434448242,
                293.5038528442383,
                279.6792678833008,
                261.1977119445801,
                225.02620429992675,
                211.4764840698242,
                206.04142450714113
            ],
            "summary": [
                280.70782470703125,
                309.0141906738281,
                188.95639038085938,
                278.9323425292969,
                271.43048095703125
            ]
        },
        "CNRM-CERFACS_CNRM-ESM2-1_historical": {
            "percentiles": [
                301.9663625640869,
                300.21859481811526,
                298.85776596069337,
                294.0700454711914,
                280.5406265258789,
                264.3400650024414,
                225.35791664123536,
                211.7573077392578,
                205.92155371856688
            ],
            "summary": [
                281.61181640625,
                309.83612060546875,
                188.74667358398438,
                280.18731689453125,
                272.1170959472656
            ]
        },
        "CSIRO-ARCCSS_ACCESS-CM2_historical": {
            "percentiles": [
                302.9902928466797,
                301.637939453125,
                300.3901306152344,
                294.3316955566406,
                280.369140625,
                263.49468994140625,
                224.1291442871094,
                209.06944946289065,
                201.88228759765627
            ],
            "summary": [
                280.962646484375,
                310.925537109375,
                180.44189453125,
                278.9190673828125,
                272.9451904296875
            ]
        },
        "CSIRO_ACCESS-ESM1-5_historical": {
            "percentiles": [
                302.8329188842775,
                301.7893994140625,
                300.6998107910156,
                294.9416313171387,
                281.3043441772461,
                264.14499282836914,
                227.64630088806155,
                215.8196170806885,
                211.28225857543947
            ],
            "summary": [
                281.98985290527344,
                311.6641540527344,
                190.97109985351562,
                280.4719543457031,
                274.7876892089844
            ]
        },
        "HAMMOZ-Consortium_MPI-ESM-1-2-HAM_historical": {
            "percentiles": [
                302.55260070800784,
                300.9087854003906,
                299.61060791015626,
                294.04681396484375,
                280.89739990234375,
                262.55108642578125,
                230.68179626464845,
                219.32069915771484,
                213.78093493652344
            ],
            "summary": [
                281.52239990234375,
                313.5109558105469,
                197.2877197265625,
                280.5165100097656,
                275.1064147949219
            ]
        },
        "INM_INM-CM4-8_historical": {
            "percentiles": [
                301.4483649597169,
                300.21358001708984,
                299.15315933227544,
                293.47300720214844,
                280.4453887939453,
                262.4867362976074,
                225.444841003418,
                208.47331481933594,
                202.35090802764893
            ],