{
    "data": {
        "AS-RCEC_TaiESM1_historical": {
            "percentiles": [
                307.84611511230474,
                303.38718719482426,
                300.92284393310547,
                296.2015609741211,
                282.6346664428711,
                261.2773780822754,
                224.93672370910645,
                216.04565238952637,
                211.5857283782959
            ],
            "summary": [
                283.4716796875,
                320.0394287109375,
                176.4396514892578,
                280.8933410644531,
                275.3609313964844
            ]
        },
        "AWI_AWI-CM-1-1-MR_historical": {
            "percentiles": [
                314.91517309570315,
                309.909694519043,
                302.83997802734376,
                297.685791015625,
                283.8351287841797,
                267.75045013427734,
                232.36474609375,
                219.20561035156248,
                213.00489894104004
            ],
            "summary": [
                284.8035888671875,
                327.9441833496094,
                193.3937530517578,
                283.94525146484375,
                281.9771728515625
            ]
        },
        "BCC_BCC-CSM2-MR_historical": {
            "percentiles": [
                316.7053110351562,
                311.88058197021485,
                304.1234977722168,
                298.8148727416992,
                284.0284423828125,
                270.08483123779297,
                236.12140617370608,
                220.98352081298827,
                214.64733927154543
            ],
            "summary": [
                284.47686767578125,
                329.2137756347656,
                195.48443603515625,
                284.894775390625,
                278.5299987792969
            ]
        },
        "BCC_BCC-ESM1_historical": {
            "percentiles": [
                316.3786000823975,
                311.4443753051758,
                303.83952178955076,
                298.9925956726074,
                284.4073486328125,
                268.4583282470703,
                234.18614311218263,
                217.17232551574708,
                209.8532444000244
            ],
            "summary": [
                285.1412353515625,
                326.5717468261719,
                191.9192352294922,
                284.0376892089844,
                277.03741455078125
            ]
        },
        "CAS_FGOALS-f3-L_historical": {
            "percentiles": [
                313.2564600830078,
                309.258592376709,
                302.7926231384277,
                296.5807647705078,
                283.8506851196289,
                266.80085372924805,
                229.94259071350098,
                216.6924732208252,
                212.84625480651857
            ],
            "summary": [
                284.3192138671875,
                323.5327453613281,
                190.27581787109375,
                283.565185546875,
                277.8196105957031
            ]
        },
        "CAS_FGOALS-g3_historical": {
            "percentiles": [
                315.6522369689943,
                311.50650817871093,
                304.7539825439453,
                298.3626708984375,
                286.8501892089844,
                271.78053283691406,
                237.08763885498047,
                222.13724502563477,
                216.88425370788573
            ],
            "summary": [
                287.822265625,
                325.44342041015625,
                200.59678649902344,
                286.1685791015625,
                285.224853515625
            ]
        },
        "CCCma_CanESM5_historical": {
            "percentiles": [
                319.19977790832536,
                313.3455879211426,
                303.4648681640625,
                297.93875885009766,
                284.1649856567383,
                268.02136993408203,
                234.39384422302248,
                219.67490791320802,
                212.31640187835694
            ],
            "summary": [
                285.2258605957031,
                330.008544921875,
                175.6215362548828,
                284.0962829589844,
                276.648681640625
            ]
        },
        "CNRM-CERFACS_CNRM-CM6-1_historical": {
            "percentiles": [
                313.95838493347173,
                309.66587417602534,
                301.8854949951172,
                296.8900337219238,
                283.42669677734375,
                267.7056427001953,
                231.92647590637208,
                217.71689529418944,
                211.97781372070312
            ],
            "summary": [
                284.6705322265625,
                323.4885559082031,
                194.4619903564453,
                282.9349670410156,
                275.8709716796875
            ]
        },
        "CNRM-CERFACS_CNRM-ESM2-1_historical": {
            "percentiles": [
                314.68032284545905,
                310.36453124999997,
                302.4784637451172,
                297.38919830322266,
                284.46057891845703,
                269.3762893676758,
                231.99002838134766,
                218.02394828796386,
                212.05715942382812
            ],
            "summary": [
                285.455078125,
                324.782470703125,
                193.52667236328125,
                284.13739013671875,
                276.7400817871094
            ]
        },
        "CSIRO-ARCCSS_ACCESS-CM2_historical": {
            "percentiles": [
                314.4546334228516,
                309.9176245117187,
                303.0416381835937,
                297.4963073730469,
                283.71893310546875,
                268.16845703125,
                232.08471069335937,
                216.0620068359375,
                207.5270205078125
            ],
            "summary": [
                284.5025634765625,
                325.951904296875,
                184.17822265625,
                283.1905517578125,
                277.7065124511719
            ]
        },
        "CSIRO_ACCESS-ESM1-5_historical": {
            "percentiles": [
                315.89496278381387,
                310.52891510009766,
                303.343856048584,
                297.82872009277344,
                284.59374237060547,
                268.5982360839844,
                234.96931076049805,
                223.06964653015137,
                217.73304909515383
            ],
            "summary": [
                285.55421447753906,
                330.05938720703125,
                195.42872619628906,
                284.4881591796875,
                278.2008972167969
            ]
        },
        "HAMMOZ-Consortium_MPI-ESM-1-2-HAM_historical": {
            "percentiles": [
                313.8832531738283,
                308.5138238525391,
                301.9916870117188,
                297.1041717529297,
                283.9704132080078,
                268.9220886230469,
                234.03162078857423,
                222.217057800293,
                215.54218469238282
            ],
            "summary": [
                284.5799255371094,
                324.92462158203125,
                199.5189208984375,
                283.8246154785156,
                277.9111633300781
            ]
        },
        "INM_INM-CM4-8_historical": {
            "percentiles": [
                315.0450486602783,
                310.7046034240722,
                302.06116561889644,
                297.2246322631836,
                284.49859619140625,
                270.3724822998047,
                230.2096378326416,
                212.42649536132814,
                204.21173111724852
            ],