{
    "data": {
        "AS-RCEC_TaiESM1_historical": {
            "file_summary": [
                30.416835187057632,
                31.0,
                31.0
            ],
            "percentiles": [
                12.987226667404382,
                11.07347679138185,
                10.051563024520876,
                6.737662315368652,
                3.641201138496399,
                4.164147071605839e-06,
                0.0,
                0.0,
                0.0,
                0.0,
                0.0,
                0.0,
                0.0
            ],
            "summary": [
                0.0,
                17.835412979125977,
                0.0,
                0.9111185669898987,
                0.886834442615509
            ]
        },
        "BCC_BCC-CSM2-MR_historical": {
            "file_summary": [
                30.416371905002528,
                31.0,
                31.0
            ],
            "percentiles": [
                99.9638165283207,
                76.73377037048331,
                65.69660839080807,
                40.51932754516597,
                30.39165496826171,
                10.798674583435059,
                1.6709310412406921,
                0.0,
                0.0,
                0.0,
                0.0,
                0.0,
                0.0
            ],
            "summary": [
                1.6867313385009766,
                133.0303497314453,
                0.0,
                9.300524128737626,
                8.573820511021532
            ]
        },
        "BCC_BCC-ESM1_historical": {
            "file_summary": [
                30.416371905002528,
                31.0,
                31.0
            ],
            "percentiles": [
                93.13752717590603,
                76.21171436309811,
                66.309215927124,
                40.506614875793375,
                29.608680534362783,
                12.411493062973022,
                3.0436859130859375,
                0.0,
                0.0,
                0.0,
                0.0,
                0.0,
                0.0
            ],
            "summary": [
                3.0707459449768066,
                121.63313293457031,
                0.0,
                10.012651387906647,
                9.303464241513437
            ]
        },
        "CCCma_CanESM5_historical": {
            "file_summary": [
                30.416371905002528,
                31.0,
                31.0
            ],
            "percentiles": [
                35.07867429733302,
                27.07640713214876,
                24.43639921188355,
                18.115526103973387,
                14.01820011138916,
                2.585253596305847,
                0.0,
                0.0,
                0.0,
                0.0,
                0.0,
                0.0,
                0.0
            ],
            "summary": [
                0.0,
                42.47734451293945,
                0.0,
                3.2445218563079834,
                3.146868944168091
            ]
        },
        "CNRM-CERFACS_CNRM-ESM2-1_historical": {
            "file_summary": [
                30.436584133400707,
                31.0,
                31.0
            ],
            "percentiles": [
                44.82213726425236,
                37.804760284423814,
                35.162404594421275,
                27.323826599121084,
                22.58251304626465,
                14.711039066314697,
                6.869678974151611,
                0.0,
                0.0,
                0.0,
                0.0,
                0.0,
                0.0
            ],
            "summary": [
                6.900611400604248,
                60.67555618286133,
                0.0,
                9.270914289903953,
                8.745610588202947
            ]
        },
        "CSIRO_ACCESS-ESM1-5_historical": {
            "file_summary": [
                30.436584133400707,
                31.0,
                31.0
            ],
            "percentiles": [
                26.584531150817895,
                23.77692375183107,
                20.92321292877199,
                15.08529787063598,
                12.395088386535646,
                6.446208238601685,
                1.8999993801116943,
                0.0,
                0.0,
                0.0,
                0.0,
                0.0,
                0.0
            ],
            "summary": [
                1.899999737739563,
                29.119140625,
                0.0,
                4.270038541187299,
                4.063417869880349
            ]
        },
        "HAMMOZ-Consortium_MPI-ESM-1-2-HAM_historical": {
            "file_summary": [
                30.433412917917558,
                31.0,
                279.0
            ],
            "percentiles": [
                15.290767907142738,
                14.022893285751328,
                13.450186190605162,
                10.905199909210204,
                9.658139276504517,
                7.399038851261139,
                3.240882396697998,
                0.0,
                0.0,
                0.0,
                0.0,
                0.0,
                0.0
            ],
            "summary": [
                3.24941086769104,
                17.16193199157715,
                0.0,
                4.127829865296529,
                4.118351150654934
            ]
        },
        "IPSL_IPSL-CM6A-LR_historical": {
            "file_summary": [
                30.436584133400707,
                31.0,
                31.0
            ],
            "percentiles": [
                13.151361677169866,
                11.360354754924767,
                10.567783980369569,
                8.69388222694397,
                7.66561713218689,
                5.855752408504486,
                3.440499424934387,
                1.1367200314998627,
                0.05489397477358583,
                0.0006209502447745764,
                0.0,
                0.0,
                0.0
            ],
            "summary": [
                3.4864931106567383,
                14.35482406616211,
                0.0,
                3.8429996508070237,
                3.655030595956013
            ]
        },
        "MOHC_UKESM1-0-LL_historical": {
            "file_summary": [
                30.0,
                30.0,
                60.0
            ],
            "percentiles": [
                50.79118048858646,
                44.49654280662534,
                40.52380043029784,
                29.708904504775994,
                25.094056320190433,
                17.783300638198853,
                2.955586552619934,
                3.999999989900971e-06,
                3.999999989900971e-06,
                3.999999989900971e-06,
                3.999999989900971e-06,
                3.999999989900971e-06,
                3.999999989900971e-06
            ],
            "summary": [
                2.9621167182922363,
                64.50330352783203,
                3.999999989900971e-06,
                9.379882263766623,
                9.262892307782357
            ]
        },
        "MPI-M_MPI-ESM1-2-LR_historical": {
            "file_summary": [
                30.433412917917558,
                31.0,
                279.0
            ],
            "percentiles": [
                15.017984478950591,
                13.963827559947955,
                13.372319664955139,
                10.922983002662658,
                9.538660907745363,
                7.258930444717407,
                2.614202618598938,
                0.0,
                0.0,
                0.0,
                0.0,
                0.0,
                0.0
            ],