{
    "data": {
        "CNRM-CERFACS_CNRM-CM6-1_historical": {
            "file_summary": [
                30.436584133400707,
                31.0,
                31.0
            ],
            "percentiles": [
                0.0019099105257774193,
                0.001314164533978328,
                0.001090771282324566,
                0.0006669240974588314,
                0.00047905878745950774,
                0.00022087664183345623,
                7.037869363557547e-05,
                4.883964379587269e-07,
                -1.8126271150720186e-08,
                -7.326086972625489e-08,
                -3.009833594092015e-07,
                -4.0421693000780576e-07,
                -6.571546909412973e-07
            ],
            "summary": [
                5.1112765504512936e-05,
                0.004529687575995922,
                -5.266816515359096e-06,
                0.00023577241081586286,
                0.00011534985930297861
            ]
        },
        "CNRM-CERFACS_CNRM-ESM2-1_historical": {
            "file_summary": [
                30.436584133400707,
                31.0,
                31.0
            ],
            "percentiles": [
                0.0020536866090260448,
                0.0014468821632908635,
                0.00121379956486634,
                0.0007341401011217379,
                0.0005262946418952198,
                0.0002460231044096872,
                6.275560735957697e-05,
                5.340956761301641e-07,
                -1.867768961716365e-08,
                -8.118114678268284e-08,
                -3.4198516004835253e-07,
                -4.54162662890667e-07,
                -7.543646692624862e-07
            ],
            "summary": [
                5.616147245746106e-05,
                0.004632187075912952,
                -5.589809916273225e-06,
                0.00027181004593384406,
                0.00013000278653300693
            ]
        },
        "IPSL_IPSL-CM6A-LR_historical": {
            "file_summary": [
                30.436584133400707,
                31.0,
                31.0
            ],
            "percentiles": [
                0.0008099663007888017,
                0.0006887105658825006,
                0.0006358395516872408,
                0.0004496470908634362,
                0.0003464703375357204,
                0.00019300429812574293,
                7.312985871976707e-05,
                1.1128777373414778e-05,
                5.3177411473370744e-06,
                3.2309248695128193e-06,
                5.002763589345705e-07,
                3.4739903561842314e-07,
                8.669251663206979e-08
            ],
            "summary": [
                9.102936746785417e-05,
                0.0012665701797232032,
                0.0,
                0.00022233426888050784,
                8.453155989002446e-05
            ]
        },
        "MOHC_HadGEM3-GC31-LL_historical": {
            "file_summary": [
                30.0,
                30.0,
                60.0
            ],
            "percentiles": [
                0.0006988087732461294,
                0.0005489295795268842,
                0.0004705521839787234,
                0.0002671953501703683,
                0.00018733387914835479,
                0.00010155788277188549,
                4.2948470763803925e-05,
                -3.0111473758864804e-08,
                -1.4736463782583087e-07,
                -2.4488627374807943e-07,
                -5.893198533613031e-07,
                -7.256443460335049e-07,
                -1.0261301775926769e-06
            ],
            "summary": [
                2.6246978450217284e-05,
                0.0020778083708137274,
                -0.00036327686393633485,
                9.717567736434008e-05,
                5.2178664072597267e-05
            ]
        },
        "MOHC_UKESM1-0-LL_historical": {
            "file_summary": [
                30.0,
                30.0,
                60.0
            ],
            "percentiles": [
                0.0003549514180049306,
                0.0002853040613990741,
                0.0002507813782722223,
                0.00015696689624746795,
                0.00012404404697008442,
                7.596561135869706e-05,
                2.3254172447195742e-05,
                6.601060142941151e-08,
                -1.0397975955811489e-07,
                -1.8204535727761596e-07,
                -4.5211725179683527e-07,
                -5.730425444028242e-07,
                -8.822387238467399e-07
            ],
            "summary": [
                1.8207212633569725e-05,
                0.0006689361180178821,
                -0.00209477124735713,
                6.492709729483477e-05,
                3.407593020385382e-05
            ]
        }
    },
    "info": {
        "drs": {
            "experiment": "historical",
            "var": "evspsblpot"
        },
        "tech": {
            "percentiles": [
                99.9,
                99.5,
                99.0,
                95.0,
                90,
                75.0,
                50.0,
                25.0,
                10.0,
                5.0,
                1.0,
                0.5,
                0.1
            ],
            "summary": [
                "median",
                "max",
                "min",
                "mean absolute max",
                "mean absolute min"
            ]
        },
        "title": "aggregation across json_ranges/Emon/evspsblpot"
    }
}