{
    "data": {
        "CNRM-CERFACS_CNRM-CM6-1_historical": {
            "percentiles": [
                756545.15625,
                756128.71875,
                755743.21875,
                754994.3250000001,
                754932.45625,
                754140.484375,
                27333.728515625,
                4530.232666015625,
                690.1088562011719,
                402.0495666503907,
                135.51218368530274,
                96.92429481506346,
                48.332057113647465
            ],
            "summary": [
                27328.921875,
                759351.9375,
                14.066938400268555,
                219571.51345406554,
                219402.13564044284
            ]
        },
        "CNRM-CERFACS_CNRM-ESM2-1_historical": {
            "percentiles": [
                758193.2382500011,
                756476.625,
                755832.3125,
                754977.7406250001,
                754907.28125,
                753676.78125,
                26520.30859375,
                4491.311767578125,
                746.5797363281254,
                435.7278228759766,
                133.80866485595703,
                96.66516471862793,
                47.52355132675171
            ],
            "summary": [
                26514.794921875,
                768073.0625,
                13.946939468383789,
                216293.85380159836,
                215913.3355817875
            ]
        },
        "IPSL_IPSL-CM6A-LR_historical": {
            "percentiles": [
                7811.740139648462,
                7541.765451660155,
                7476.366335449219,
                3782.5206604003906,
                955.3735900878908,
                688.1267166137695,
                531.7361602783203,
                386.33038330078125,
                266.62006683349614,
                219.52264137268065,
                178.0463818359375,
                169.0740873336792,
                153.79173357391358
            ],
            "summary": [
                538.8135375976562,
                10829.1044921875,
                133.16806030273438,
                931.9160163178432,
                837.1592763391274
            ]
        },
        "NCAR_CESM2-FV2_historical": {
            "percentiles": [
                55443.23766601563,
                55443.10810546875,
                55443.06904296875,
                55442.98828125,
                55442.98828125,
                55001.6005859375,
                2629.5269165039062,
                1677.9498138427734,
                818.433837890625,
                548.1738815307617,
                335.69613418579104,
                282.4650062561035,
                211.9238283920288
            ],
            "summary": [
                2626.8570556640625,
                55445.43359375,
                106.24311828613281,
                18480.34309918814,
                18402.030356512532
            ]
        },
        "NCAR_CESM2-WACCM-FV2_historical": {
            "percentiles": [
                55443.233115234376,
                55443.10546875,
                55443.06640625,
                55442.98828125,
                55442.98828125,
                55001.583984375,
                2631.1896362304688,
                1670.0010528564453,
                821.0247039794922,
                548.4331207275391,
                337.09284057617185,
                282.95727119445803,
                210.76989112854002
            ],
            "summary": [
                2638.42041015625,
                55445.85546875,
                104.20645904541016,
                18456.22590893046,
                18393.34133427462
            ]
        },
        "NCAR_CESM2-WACCM_historical": {
            "percentiles": [
                55443.421828125,
                55443.1640625,
                55443.08203125,
                55442.98828125,
                55442.98828125,
                55442.228515625,
                2545.23828125,
                1382.8836059570312,
                580.3782226562502,
                423.27698059082036,
                256.7680206298828,
                214.58518630981445,
                150.77934011840821
            ],
            "summary": [
                2545.56884765625,
                55447.01953125,
                53.270477294921875,
                18266.55575120164,
                18174.921810307904
            ]
        },
        "NCAR_CESM2_historical": {
            "percentiles": [
                55443.439265625,
                55443.16796875,
                55443.0859375,
                55442.98828125,
                55442.98828125,
                55442.078125,
                2538.1356201171875,
                1388.652587890625,
                576.7922180175782,
                421.35701293945317,
                256.94116149902345,
                215.94175369262695,
                151.77171322631835
            ],
            "summary": [
                2539.3590087890625,
                55447.08203125,
                53.3656005859375,
                18252.108313900917,
                18185.298624660925
            ]
        },
        "NCC_NorESM2-LM_historical": {
            "percentiles": [
                55.443214754104616,
                55.44306879997254,
                55.44301986694336,
                55.442989349365234,
                55.00153846740723,
                2.2358246445655823,
                0.0,
                0.0,
                0.0,
                0.0,
                0.0,
                0.0,
                0.0
            ],
            "summary": [
                0.0,
                55.44526672363281,
                0.0,
                7.437097549438477,
                7.416070461273193
            ]
        },
        "NCC_NorESM2-MM_historical": {
            "percentiles": [
                55.44327679634094,
                55.443050384521484,
                55.442989349365234,
                55.442989349365234,
                54.560590744018555,
                1.8971868306398392,
                0.0,
                0.0,
                0.0,
                0.0,
                0.0,
                0.0,
                0.0
            ],
            "summary": [
                0.0,
                55.44657897949219,
                0.0,
                6.944379806518555,
                6.922320365905762
            ]
        }
    },
    "info": {
        "drs": {
            "experiment": "historical",
            "var": "mrtws"
        },
        "tech": {
            "percentiles": [
                99.9,
                99.5,
                99.0,
                95.0,
                90,
                75.0,
                50.0,
                25.0,
                10.0,
                5.0,
                1.0,
                0.5,
                0.1
            ],
            "summary": [
                "median",
                "max",
                "min",
                "mean absolute max",
                "mean absolute min"
            ]
        },
        "title": "aggregation across json_ranges/Emon/mrtws"
    }
}