{
    "data": {
        "CCCma_CanESM5_historical": {
            "file_summary": [
                30.416371905002528,
                31.0,
                31.0
            ],
            "percentiles": [
                312.4924756164564,
                298.70222290039067,
                290.3146684265137,
                263.01215209960935,
                246.1149024963379,
                209.3832550048828,
                136.51969528198242,
                42.003697872161865,
                2.0955449700355535,
                0.0260876988992095,
                0.0,
                0.0,
                0.0
            ],
            "summary": [
                136.73851013183594,
                373.77447509765625,
                0.0,
                135.97662353515625,
                123.69110107421875
            ]
        },
        "CNRM-CERFACS_CNRM-CM6-1_historical": {
            "file_summary": [
                30.436584133400707,
                31.0,
                31.0
            ],
            "percentiles": [
                316.70521379089377,
                304.961646347046,
                298.8311473083495,
                276.06996002197263,
                253.43804244995115,
                212.5466423034668,
                148.2305908203125,
                44.654141426086426,
                2.0071822643280033,
                0.006023911980446434,
                0.0,
                0.0,
                0.0
            ],
            "summary": [
                147.51651000976562,
                370.8912353515625,
                0.0,
                145.17308044433594,
                129.67410278320312
            ]
        },
        "CNRM-CERFACS_CNRM-ESM2-1_historical": {
            "file_summary": [
                30.436584133400707,
                31.0,
                31.0
            ],
            "percentiles": [
                318.95077201843276,
                306.74625152587896,
                299.69060119628904,
                277.10451354980466,
                256.3080581665039,
                213.51970863342285,
                150.36386489868164,
                46.62329435348511,
                0.3818969726562502,
                0.0,
                0.0,
                0.0,
                0.0
            ],
            "summary": [
                150.60769653320312,
                372.2211608886719,
                0.0,
                146.029541015625,
                130.3492431640625
            ]
        },
        "CSIRO-ARCCSS_ACCESS-CM2_historical": {
            "file_summary": [
                30.436584133400707,
                31.0,
                31.0
            ],
            "percentiles": [
                313.9298484344489,
                300.402847290039,
                293.715030670166,
                273.13639678955076,
                255.00117950439454,
                214.1554832458496,
                140.98664474487305,
                41.33817529678345,
                0.30403187125921344,
                0.0,
                0.0,
                0.0,
                0.0
            ],
            "summary": [
                140.8626251220703,
                366.27569580078125,
                0.0,
                143.31520080566406,
                124.4004898071289
            ]
        },
        "CSIRO_ACCESS-ESM1-5_historical": {
            "file_summary": [
                30.436584133400707,
                31.0,
                31.0
            ],
            "percentiles": [
                310.26571705627475,
                300.41805221557615,
                295.91927734374997,
                271.81541213989254,
                252.7801338195801,
                215.6676425933838,
                143.15796661376953,
                42.342562198638916,
                0.2193073995411397,
                0.0,
                0.0,
                0.0,
                0.0
            ],
            "summary": [
                142.4864501953125,
                368.16827392578125,
                0.0,
                142.83685302734375,
                127.7136459350586
            ]
        },
        "HAMMOZ-Consortium_MPI-ESM-1-2-HAM_historical": {
            "file_summary": [
                30.433412917917558,
                31.0,
                279.0
            ],
            "percentiles": [
                309.7834804687507,
                295.76539062500024,
                289.29351562499994,
                264.142578125,
                247.58203125,
                210.16732025146484,
                138.5625,
                42.2431640625,
                2.117968750000001,
                0.0,
                0.0,
                0.0,
                0.0
            ],
            "summary": [
                135.9146728515625,
                370.3125,
                0.0,
                140.464599609375,
                125.25950622558594
            ]
        },
        "IPSL_IPSL-CM6A-LR_historical": {
            "file_summary": [
                30.436584133400707,
                31.0,
                31.0
            ],
            "percentiles": [
                316.02763236999533,
                305.305942611694,
                298.9832089233398,
                273.3012939453125,
                253.45627670288087,
                210.75932502746582,
                133.35003280639648,
                34.5473051071167,
                0.23088309168815607,
                0.0,
                0.0,
                0.0,
                0.0
            ],
            "summary": [
                133.144775390625,
                366.0327453613281,
                0.0,
                137.4668731689453,
                122.12783813476562
            ]
        },
        "MOHC_HadGEM3-GC31-LL_historical": {
            "file_summary": [
                30.0,
                30.0,
                60.0
            ],
            "percentiles": [
                312.1418858795173,
                299.38739181518554,
                293.5617495727539,
                272.74657974243166,
                253.70474853515623,
                212.62489128112793,
                140.49749755859375,
                39.350008487701416,
                1.87548037171364,
                0.0031181546684820247,
                0.0,
                0.0,
                0.0
            ],
            "summary": [
                141.15591430664062,
                364.166748046875,
                0.0,
                142.03123474121094,
                125.72980499267578
            ]
        },
        "MOHC_HadGEM3-GC31-MM_historical": {
            "file_summary": [
                30.0,
                30.0,
                300.0
            ],
            "percentiles": [
                312.01670318603664,
                299.1766592407227,
                293.1766949462888,
                271.5954833984375,
                252.93759460449218,
                214.03680038452148,
                143.04386138916016,
                42.448824882507324,
                0.26752097308635725,
                0.0,
                0.0,
                0.0,
                0.0
            ],
            "summary": [
                144.5430145263672,
                369.8136901855469,
                0.0,
                143.20208740234375,
                136.42718505859375
            ]
        },
        "MOHC_UKESM1-0-LL_historical": {
            "file_summary": [
                30.0,
                30.0,
                60.0
            ],