{
    "data": {
        "CNRM-CERFACS_CNRM-ESM2-1_historical": {
            "percentiles": {
                "0": [
                    873.1510214234338,
                    387.1505168914805,
                    274.08454742431655,
                    100.26415872573853,
                    65.13779878616333,
                    39.73527812957764,
                    0.039964377880096436,
                    0.0,
                    0.0,
                    0.0,
                    0.0,
                    0.0,
                    0.0
                ],
                "1": [
                    292.76518280983623,
                    176.4307180526858,
                    135.41754279807176,
                    62.16085128784175,
                    43.297491455078166,
                    1.0033336877822876,
                    0.0,
                    0.0,
                    0.0,
                    0.0,
                    0.0,
                    0.0,
                    0.0
                ],
                "2": [
                    0.0,
                    0.0,
                    0.0,
                    0.0,
                    0.0,
                    0.0,
                    0.0,
                    0.0,
                    0.0,
                    0.0,
                    0.0,
                    0.0,
                    0.0
                ],
                "3": [
                    0.0,
                    0.0,
                    0.0,
                    0.0,
                    0.0,
                    0.0,
                    0.0,
                    0.0,
                    0.0,
                    0.0,
                    0.0,
                    0.0,
                    0.0
                ]
            },
            "summary": {
                "0": [
                    0.0,
                    537927.625,
                    0.0,
                    202.5848324108241,
                    133.64866492414924
                ],
                "1": [
                    0.0,
                    1568.1856689453125,
                    0.0,
                    29.13642437036314,
                    0.17604679352138755
                ],
                "2": [
                    NaN,
                    NaN,
                    NaN,
                    NaN,
                    NaN
                ],
                "3": [
                    NaN,
                    NaN,
                    NaN,
                    NaN,
                    NaN
                ]
            }
        },
        "MOHC_UKESM1-0-LL_historical": {
            "percentiles": {
                "0": [
                    366.61217736816957,
                    204.53451759338367,
                    154.88038261413533,
                    0.04092819596626207,
                    0.016470559375966337,
                    2.3073252190808358e-06,
                    0.0,
                    0.0,
                    -1.551829995304562e-23,
                    -1.8249373900935935e-09,
                    -3.899158942033409e-07,
                    -9.700971577331074e-07,
                    -3.4749583450093273e-06
                ],
                "1": [
                    635.6698215026909,
                    366.3358467864989,
                    307.1093606567382,
                    0.05765422615586407,
                    0.029481841811730233,
                    4.85744882394723e-06,
                    0.0,
                    0.0,
                    0.0,
                    0.0,
                    -8.131516679867582e-23,
                    -5.090866935445862e-22,
                    -4.923289584013446e-07
                ],
                "2": [
                    635.6745730285697,
                    366.3361408233642,
                    307.1093606567382,
                    0.05762720816346692,
                    0.029590992284147483,
                    4.8341904049231665e-06,
                    0.0,
                    0.0,
                    0.0,
                    0.0,
                    -1.5945787481472184e-22,
                    -8.28617221283913e-22,
                    -5.070369144135611e-07
                ],
                "3": [
                    7.635048248517192e-06,
                    1.2419563330468024e-06,
                    1.9603135413603958e-07,
                    5.708967684799776e-20,
                    -8.220708272263717e-17,
                    -4.645691180382196e-13,
                    -3.0119746974310857e-09,
                    -2.834351287006598e-08,
                    -1.3327143548735877e-07,
                    -2.603234825926392e-07,
                    -6.207736515762008e-07,
                    -9.322949213697028e-07,
                    -1.5822055155467749e-06
                ]
            },
            "summary": {
                "0": [
                    5.413640889739835e-12,
                    1273.362548828125,
                    -4.744186298921704e-05,
                    3.203664497707201,
                    3.040155825407609
                ],
                "1": [
                    3.933244246794032e-13,
                    1572.737060546875,
                    -4.143575642956421e-05,
                    5.8737771739130435,
                    5.680447520380435
                ],
                "2": [
                    5.157044902876981e-14,
                    1572.7320556640625,
                    -4.121219535591081e-05,
                    5.8748572308084235,
                    5.681416652513587
                ],
                "3": [
                    -3.901147550561364e-18,
                    1.10250985622406,
                    -4.95715175929945e-06,
                    0.038537337288023936,
                    4.8269892373817074e-08
                ]
            }
        },
        "NCAR_CESM2-FV2_historical": {
            "percentiles": {
                "0": [
                    10.000001907348633,
                    10.000000953674316,
                    10.000000953674316,
                    10.0,
                    0.5371982872486105,
                    0.06152866594493389,
                    2.8091159265386523e-06,
                    0.0,
                    0.0,
                    0.0,
                    0.0,
                    0.0,
                    0.0
                ],
                "1": [
                    0.0,
                    0.0,
                    0.0,
                    0.0,
                    0.0,
                    0.0,
                    0.0,
                    0.0,
                    0.0,
                    0.0,
                    0.0,
                    0.0,
                    0.0
                ],
                "2": [
                    0.21088058221340222,
                    0.08246066689491269,
                    0.04433611236512651,
                    0.015491047315299518,
                    0.004312150320038207,
                    2.7725794552679872e-05,
                    0.0,
                    0.0,
                    0.0,
                    0.0,
                    0.0,
                    0.0,
                    0.0
                ],
                "3": [
                    0.052116305887710226,
                    0.01721098698675615,
                    0.007028232123702763,
                    0.0013297785073518747,
                    0.00025080356281250804,
                    8.222986735972881e-09,
                    0.0,
                    0.0,
                    0.0,
                    0.0,
                    0.0,
                    0.0,
                    0.0
                ]
            },
            "summary": {
                "0": [
                    0.0,
                    10.000033378601074,
                    0.0,
                    0.9455736790105387,
                    0.8727354956454918
                ],