{
    "data": {
        "CNRM-CERFACS_CNRM-ESM2-1_historical": {
            "file_summary": [
                30.436584133400707,
                31.0,
                124.0
            ],
            "percentiles": {
                "0": [
                    896.3579014587656,
                    317.8516002655037,
                    208.9371192932133,
                    109.89751720428467,
                    80.32793045043945,
                    12.991434574127197,
                    0.0,
                    0.0,
                    0.0,
                    0.0,
                    0.0,
                    0.0,
                    0.0
                ],
                "1": [
                    332.34784318543836,
                    180.331710624695,
                    124.81809711456336,
                    10.599841070175174,
                    2.218370407819748,
                    0.0010334399266866967,
                    0.0,
                    0.0,
                    0.0,
                    0.0,
                    0.0,
                    0.0,
                    0.0
                ],
                "2": [
                    NaN,
                    NaN,
                    NaN,
                    NaN,
                    NaN,
                    NaN,
                    NaN,
                    NaN,
                    NaN,
                    NaN,
                    NaN,
                    NaN,
                    NaN
                ],
                "3": [
                    NaN,
                    NaN,
                    NaN,
                    NaN,
                    NaN,
                    NaN,
                    NaN,
                    NaN,
                    NaN,
                    NaN,
                    NaN,
                    NaN,
                    NaN
                ]
            },
            "summary": {
                "0": [
                    0.0,
                    537840.0,
                    0.0,
                    201.95041512915128,
                    132.9515426404264
                ],
                "1": [
                    0.0,
                    1445.9176025390625,
                    0.0,
                    29.472481614089414,
                    0.08619778275395272
                ],
                "2": [
                    NaN,
                    NaN,
                    NaN,
                    NaN,
                    NaN
                ],
                "3": [
                    NaN,
                    NaN,
                    NaN,
                    NaN,
                    NaN
                ]
            }
        },
        "MOHC_UKESM1-0-LL_historical": {
            "file_summary": [
                30.0,
                30.0,
                240.0
            ],
            "percentiles": {
                "0": [
                    384.1001664733942,
                    214.20490200042713,
                    162.21265548706006,
                    0.0869570525363084,
                    0.053001708164811145,
                    0.009381100186146796,
                    5.836826755256652e-08,
                    0.0,
                    -3.247132321081804e-27,
                    -7.47412684043782e-12,
                    -3.2864998800619094e-07,
                    -1.009800366489344e-06,
                    -3.7753226271206587e-06
                ],
                "1": [
                    659.3994956054722,
                    380.5363675689697,
                    318.2723526000975,
                    0.12811528295278546,
                    0.08787268139421942,
                    0.02503250422887504,
                    7.436380577985346e-08,
                    0.0,
                    0.0,
                    0.0,
                    -1.3976785177879523e-23,
                    -2.0753516474700077e-22,
                    -4.1066234661002454e-07
                ],
                "2": [
                    659.4061338806188,
                    380.57285003662105,
                    318.2723526000975,
                    0.1283203952014446,
                    0.08799424618482592,
                    0.025250964565202594,
                    7.222280462571007e-08,
                    0.0,
                    0.0,
                    0.0,
                    -2.6762453166426154e-23,
                    -2.1684044479646887e-22,
                    -3.89113285507392e-07
                ],
                "3": [
                    0.059515296598724135,
                    0.03137660608626905,
                    0.02031476289033894,
                    0.006367791490629316,
                    0.001168332516681406,
                    4.018541676487075e-05,
                    1.4746527199349657e-07,
                    -3.6811798455414074e-13,
                    -1.2416177419538599e-08,
                    -5.688575193119048e-08,
                    -2.695495651039437e-07,
                    -4.0625124412940746e-07,
                    -7.703183236316136e-07
                ]
            },
            "summary": {
                "0": [
                    5.723063901177114e-10,
                    1232.02880859375,
                    -4.742434248328209e-05,
                    3.1978406823199728,
                    3.0441610585088315
                ],
                "1": [
                    4.795783214994742e-10,
                    1572.4176025390625,
                    -4.143575642956421e-05,
                    5.880283521569294,
                    5.686305303158967
                ],
                "2": [
                    4.052278235189277e-10,
                    1572.4117431640625,
                    -4.121219535591081e-05,
                    5.8814028532608695,
                    5.68728664232337
                ],
                "3": [
                    9.606146988971886e-10,
                    1.2133433818817139,
                    -4.3014774746552575e-06,
                    0.049010706704760355,
                    5.315031601293456e-08
                ]
            }
        },
        "NCAR_CESM2-FV2_historical": {
            "file_summary": [
                30.414550321299,
                31.0,
                248.0
            ],
            "percentiles": {
                "0": [
                    10.000001907348633,
                    10.000001907348633,
                    10.000000953674316,
                    10.0,
                    0.44016842097043907,
                    0.08096378948539495,
                    0.0,
                    0.0,
                    0.0,
                    0.0,
                    0.0,
                    0.0,
                    0.0
                ],
                "1": [
                    NaN,
                    NaN,
                    NaN,
                    NaN,
                    NaN,
                    NaN,
                    NaN,
                    NaN,
                    NaN,
                    NaN,
                    NaN,
                    NaN,
                    NaN
                ],
                "2": [
                    0.2621623809784717,
                    0.1257902151346205,
                    0.09806852098554364,
                    0.011355822649784436,
                    0.0001655800071603155,
                    5.678925454888351e-10,
                    0.0,
                    0.0,
                    0.0,
                    0.0,
                    0.0,
                    0.0,
                    0.0
                ],